audio_path,category
/Users/jerryabuayoub/Desktop/matcher/Datasets/Urban8k/audio/fold7/101848-9-0-0.wav,street_music
/Users/jerryabuayoub/Desktop/matcher/Datasets/Urban8k/audio/fold7/101848-9-0-1.wav,street_music
/Users/jerryabuayoub/Desktop/matcher/Datasets/Urban8k/audio/fold7/101848-9-0-2.wav,street_music
/Users/jerryabuayoub/Desktop/matcher/Datasets/Urban8k/audio/fold7/101848-9-0-3.wav,street_music
/Users/jerryabuayoub/Desktop/matcher/Datasets/Urban8k/audio/fold7/101848-9-0-8.wav,street_music
/Users/jerryabuayoub/Desktop/matcher/Datasets/Urban8k/audio/fold7/101848-9-0-9.wav,street_music
/Users/jerryabuayoub/Desktop/matcher/Datasets/Urban8k/audio/fold5/105425-9-0-1.wav,street_music
/Users/jerryabuayoub/Desktop/matcher/Datasets/Urban8k/audio/fold5/105425-9-0-10.wav,street_music
/Users/jerryabuayoub/Desktop/matcher/Datasets/Urban8k/audio/fold5/105425-9-0-12.wav,street_music
/Users/jerryabuayoub/Desktop/matcher/Datasets/Urban8k/audio/fold5/105425-9-0-13.wav,street_music
/Users/jerryabuayoub/Desktop/matcher/Datasets/Urban8k/audio/fold5/105425-9-0-14.wav,street_music
/Users/jerryabuayoub/Desktop/matcher/Datasets/Urban8k/audio/fold5/105425-9-0-23.wav,street_music
/Users/jerryabuayoub/Desktop/matcher/Datasets/Urban8k/audio/fold4/107653-9-0-12.wav,street_music
/Users/jerryabuayoub/Desktop/matcher/Datasets/Urban8k/audio/fold4/107653-9-0-14.wav,street_music
/Users/jerryabuayoub/Desktop/matcher/Datasets/Urban8k/audio/fold4/107653-9-0-18.wav,street_music
/Users/jerryabuayoub/Desktop/matcher/Datasets/Urban8k/audio/fold4/107653-9-0-3.wav,street_music
/Users/jerryabuayoub/Desktop/matcher/Datasets/Urban8k/audio/fold4/107653-9-0-5.wav,street_music
/Users/jerryabuayoub/Desktop/matcher/Datasets/Urban8k/audio/fold4/107653-9-0-7.wav,street_music
/Users/jerryabuayoub/Desktop/matcher/Datasets/Urban8k/audio/fold1/108041-9-0-11.wav,street_music
/Users/jerryabuayoub/Desktop/matcher/Datasets/Urban8k/audio/fold1/108041-9-0-2.wav,street_music
/Users/jerryabuayoub/Desktop/matcher/Datasets/Urban8k/audio/fold1/108041-9-0-4.wav,street_music
/Users/jerryabuayoub/Desktop/matcher/Datasets/Urban8k/audio/fold1/108041-9-0-5.wav,street_music
/Users/jerryabuayoub/Desktop/matcher/Datasets/Urban8k/audio/fold1/108041-9-0-6.wav,street_music
/Users/jerryabuayoub/Desktop/matcher/Datasets/Urban8k/audio/fold1/108041-9-0-7.wav,street_music
/Users/jerryabuayoub/Desktop/matcher/Datasets/Urban8k/audio/fold1/108041-9-0-9.wav,street_music
/Users/jerryabuayoub/Desktop/matcher/Datasets/Urban8k/audio/fold5/108357-9-0-15.wav,street_music
/Users/jerryabuayoub/Desktop/matcher/Datasets/Urban8k/audio/fold5/108357-9-0-2.wav,street_music
/Users/jerryabuayoub/Desktop/matcher/Datasets/Urban8k/audio/fold5/108357-9-0-27.wav,street_music
/Users/jerryabuayoub/Desktop/matcher/Datasets/Urban8k/audio/fold5/108357-9-0-30.wav,street_music
/Users/jerryabuayoub/Desktop/matcher/Datasets/Urban8k/audio/fold5/108357-9-0-44.wav,street_music
/Users/jerryabuayoub/Desktop/matcher/Datasets/Urban8k/audio/fold5/108357-9-0-49.wav,street_music
/Users/jerryabuayoub/Desktop/matcher/Datasets/Urban8k/audio/fold6/108638-9-0-0.wav,street_music
/Users/jerryabuayoub/Desktop/matcher/Datasets/Urban8k/audio/fold6/108638-9-0-1.wav,street_music
/Users/jerryabuayoub/Desktop/matcher/Datasets/Urban8k/audio/fold6/108638-9-0-2.wav,street_music
/Users/jerryabuayoub/Desktop/matcher/Datasets/Urban8k/audio/fold6/108638-9-0-4.wav,street_music
/Users/jerryabuayoub/Desktop/matcher/Datasets/Urban8k/audio/fold6/108638-9-0-5.wav,street_music
/Users/jerryabuayoub/Desktop/matcher/Datasets/Urban8k/audio/fold6/108638-9-0-6.wav,street_music
/Users/jerryabuayoub/Desktop/matcher/Datasets/Urban8k/audio/fold5/109263-9-0-34.wav,street_music
/Users/jerryabuayoub/Desktop/matcher/Datasets/Urban8k/audio/fold5/109263-9-0-39.wav,street_music
/Users/jerryabuayoub/Desktop/matcher/Datasets/Urban8k/audio/fold5/109263-9-0-54.wav,street_music
/Users/jerryabuayoub/Desktop/matcher/Datasets/Urban8k/audio/fold5/109263-9-0-61.wav,street_music
/Users/jerryabuayoub/Desktop/matcher/Datasets/Urban8k/audio/fold5/109263-9-0-78.wav,street_music
/Users/jerryabuayoub/Desktop/matcher/Datasets/Urban8k/audio/fold6/110868-9-0-11.wav,street_music
/Users/jerryabuayoub/Desktop/matcher/Datasets/Urban8k/audio/fold6/110868-9-0-13.wav,street_music
/Users/jerryabuayoub/Desktop/matcher/Datasets/Urban8k/audio/fold6/110868-9-0-14.wav,street_music
/Users/jerryabuayoub/Desktop/matcher/Datasets/Urban8k/audio/fold6/110868-9-0-15.wav,street_music
/Users/jerryabuayoub/Desktop/matcher/Datasets/Urban8k/audio/fold6/110868-9-0-6.wav,street_music
/Users/jerryabuayoub/Desktop/matcher/Datasets/Urban8k/audio/fold6/110868-9-0-8.wav,street_music
/Users/jerryabuayoub/Desktop/matcher/Datasets/Urban8k/audio/fold5/113601-9-0-22.wav,street_music
/Users/jerryabuayoub/Desktop/matcher/Datasets/Urban8k/audio/fold5/113601-9-0-3.wav,street_music
/Users/jerryabuayoub/Desktop/matcher/Datasets/Urban8k/audio/fold5/113601-9-0-33.wav,street_music
/Users/jerryabuayoub/Desktop/matcher/Datasets/Urban8k/audio/fold5/113601-9-0-34.wav,street_music
/Users/jerryabuayoub/Desktop/matcher/Datasets/Urban8k/audio/fold5/113601-9-0-35.wav,street_music
/Users/jerryabuayoub/Desktop/matcher/Datasets/Urban8k/audio/fold5/113601-9-0-42.wav,street_music
/Users/jerryabuayoub/Desktop/matcher/Datasets/Urban8k/audio/fold5/115239-9-0-0.wav,street_music
/Users/jerryabuayoub/Desktop/matcher/Datasets/Urban8k/audio/fold5/115239-9-0-1.wav,street_music
/Users/jerryabuayoub/Desktop/matcher/Datasets/Urban8k/audio/fold5/115239-9-0-2.wav,street_music
/Users/jerryabuayoub/Desktop/matcher/Datasets/Urban8k/audio/fold5/115239-9-0-3.wav,street_music
/Users/jerryabuayoub/Desktop/matcher/Datasets/Urban8k/audio/fold5/115239-9-0-4.wav,street_music
/Users/jerryabuayoub/Desktop/matcher/Datasets/Urban8k/audio/fold5/115239-9-0-5.wav,street_music
/Users/jerryabuayoub/Desktop/matcher/Datasets/Urban8k/audio/fold8/115240-9-0-1.wav,street_music
/Users/jerryabuayoub/Desktop/matcher/Datasets/Urban8k/audio/fold8/115240-9-0-16.wav,street_music
/Users/jerryabuayoub/Desktop/matcher/Datasets/Urban8k/audio/fold8/115240-9-0-28.wav,street_music
/Users/jerryabuayoub/Desktop/matcher/Datasets/Urban8k/audio/fold8/115240-9-0-34.wav,street_music
/Users/jerryabuayoub/Desktop/matcher/Datasets/Urban8k/audio/fold8/115240-9-0-36.wav,street_music
/Users/jerryabuayoub/Desktop/matcher/Datasets/Urban8k/audio/fold8/115240-9-0-4.wav,street_music
/Users/jerryabuayoub/Desktop/matcher/Datasets/Urban8k/audio/fold10/115241-9-0-1.wav,street_music
/Users/jerryabuayoub/Desktop/matcher/Datasets/Urban8k/audio/fold10/115241-9-0-14.wav,street_music
/Users/jerryabuayoub/Desktop/matcher/Datasets/Urban8k/audio/fold10/115241-9-0-2.wav,street_music
/Users/jerryabuayoub/Desktop/matcher/Datasets/Urban8k/audio/fold10/115241-9-0-20.wav,street_music
/Users/jerryabuayoub/Desktop/matcher/Datasets/Urban8k/audio/fold10/115241-9-0-6.wav,street_music
/Users/jerryabuayoub/Desktop/matcher/Datasets/Urban8k/audio/fold10/115241-9-0-8.wav,street_music
/Users/jerryabuayoub/Desktop/matcher/Datasets/Urban8k/audio/fold10/115241-9-0-9.wav,street_music
/Users/jerryabuayoub/Desktop/matcher/Datasets/Urban8k/audio/fold7/115242-9-0-14.wav,street_music
/Users/jerryabuayoub/Desktop/matcher/Datasets/Urban8k/audio/fold7/115242-9-0-44.wav,street_music
/Users/jerryabuayoub/Desktop/matcher/Datasets/Urban8k/audio/fold7/115242-9-0-55.wav,street_music
/Users/jerryabuayoub/Desktop/matcher/Datasets/Urban8k/audio/fold7/115242-9-0-68.wav,street_music
/Users/jerryabuayoub/Desktop/matcher/Datasets/Urban8k/audio/fold7/115242-9-0-70.wav,street_music
/Users/jerryabuayoub/Desktop/matcher/Datasets/Urban8k/audio/fold7/115242-9-0-83.wav,street_music
/Users/jerryabuayoub/Desktop/matcher/Datasets/Urban8k/audio/fold6/115243-9-0-0.wav,street_music
/Users/jerryabuayoub/Desktop/matcher/Datasets/Urban8k/audio/fold6/115243-9-0-16.wav,street_music
/Users/jerryabuayoub/Desktop/matcher/Datasets/Urban8k/audio/fold6/115243-9-0-4.wav,street_music
/Users/jerryabuayoub/Desktop/matcher/Datasets/Urban8k/audio/fold6/115243-9-0-46.wav,street_music
/Users/jerryabuayoub/Desktop/matcher/Datasets/Urban8k/audio/fold6/115243-9-0-81.wav,street_music
/Users/jerryabuayoub/Desktop/matcher/Datasets/Urban8k/audio/fold6/115243-9-0-94.wav,street_music
/Users/jerryabuayoub/Desktop/matcher/Datasets/Urban8k/audio/fold4/115415-9-0-0.wav,street_music
/Users/jerryabuayoub/Desktop/matcher/Datasets/Urban8k/audio/fold4/115415-9-0-1.wav,street_music
/Users/jerryabuayoub/Desktop/matcher/Datasets/Urban8k/audio/fold4/115415-9-0-4.wav,street_music
/Users/jerryabuayoub/Desktop/matcher/Datasets/Urban8k/audio/fold4/115415-9-0-5.wav,street_music
/Users/jerryabuayoub/Desktop/matcher/Datasets/Urban8k/audio/fold4/115415-9-0-6.wav,street_music
/Users/jerryabuayoub/Desktop/matcher/Datasets/Urban8k/audio/fold4/115415-9-0-7.wav,street_music
/Users/jerryabuayoub/Desktop/matcher/Datasets/Urban8k/audio/fold10/115418-9-0-11.wav,street_music
/Users/jerryabuayoub/Desktop/matcher/Datasets/Urban8k/audio/fold10/115418-9-0-12.wav,street_music
/Users/jerryabuayoub/Desktop/matcher/Datasets/Urban8k/audio/fold10/115418-9-0-15.wav,street_music
/Users/jerryabuayoub/Desktop/matcher/Datasets/Urban8k/audio/fold10/115418-9-0-20.wav,street_music
/Users/jerryabuayoub/Desktop/matcher/Datasets/Urban8k/audio/fold10/115418-9-0-29.wav,street_music
/Users/jerryabuayoub/Desktop/matcher/Datasets/Urban8k/audio/fold10/115418-9-0-6.wav,street_music
/Users/jerryabuayoub/Desktop/matcher/Datasets/Urban8k/audio/fold10/117889-9-0-12.wav,street_music
/Users/jerryabuayoub/Desktop/matcher/Datasets/Urban8k/audio/fold10/117889-9-0-20.wav,street_music
/Users/jerryabuayoub/Desktop/matcher/Datasets/Urban8k/audio/fold10/117889-9-0-30.wav,street_music
/Users/jerryabuayoub/Desktop/matcher/Datasets/Urban8k/audio/fold10/117889-9-0-36.wav,street_music
/Users/jerryabuayoub/Desktop/matcher/Datasets/Urban8k/audio/fold10/117889-9-0-39.wav,street_music
/Users/jerryabuayoub/Desktop/matcher/Datasets/Urban8k/audio/fold10/117889-9-0-40.wav,street_music
/Users/jerryabuayoub/Desktop/matcher/Datasets/Urban8k/audio/fold6/122738-9-0-11.wav,street_music
/Users/jerryabuayoub/Desktop/matcher/Datasets/Urban8k/audio/fold6/122738-9-0-12.wav,street_music
/Users/jerryabuayoub/Desktop/matcher/Datasets/Urban8k/audio/fold6/122738-9-0-2.wav,street_music
/Users/jerryabuayoub/Desktop/matcher/Datasets/Urban8k/audio/fold6/122738-9-0-3.wav,street_music
/Users/jerryabuayoub/Desktop/matcher/Datasets/Urban8k/audio/fold6/122738-9-0-5.wav,street_music
/Users/jerryabuayoub/Desktop/matcher/Datasets/Urban8k/audio/fold6/122738-9-0-9.wav,street_music
/Users/jerryabuayoub/Desktop/matcher/Datasets/Urban8k/audio/fold1/124489-9-0-12.wav,street_music
/Users/jerryabuayoub/Desktop/matcher/Datasets/Urban8k/audio/fold1/124489-9-0-14.wav,street_music
/Users/jerryabuayoub/Desktop/matcher/Datasets/Urban8k/audio/fold1/124489-9-0-16.wav,street_music
/Users/jerryabuayoub/Desktop/matcher/Datasets/Urban8k/audio/fold1/124489-9-0-17.wav,street_music
/Users/jerryabuayoub/Desktop/matcher/Datasets/Urban8k/audio/fold1/124489-9-0-18.wav,street_music
/Users/jerryabuayoub/Desktop/matcher/Datasets/Urban8k/audio/fold1/124489-9-0-6.wav,street_music
/Users/jerryabuayoub/Desktop/matcher/Datasets/Urban8k/audio/fold8/126153-9-0-0.wav,street_music
/Users/jerryabuayoub/Desktop/matcher/Datasets/Urban8k/audio/fold8/126153-9-0-1.wav,street_music
/Users/jerryabuayoub/Desktop/matcher/Datasets/Urban8k/audio/fold8/126153-9-0-11.wav,street_music
/Users/jerryabuayoub/Desktop/matcher/Datasets/Urban8k/audio/fold8/126153-9-0-4.wav,street_music
/Users/jerryabuayoub/Desktop/matcher/Datasets/Urban8k/audio/fold8/126153-9-0-5.wav,street_music
/Users/jerryabuayoub/Desktop/matcher/Datasets/Urban8k/audio/fold8/126153-9-0-6.wav,street_music
/Users/jerryabuayoub/Desktop/matcher/Datasets/Urban8k/audio/fold8/126153-9-0-8.wav,street_music
/Users/jerryabuayoub/Desktop/matcher/Datasets/Urban8k/audio/fold5/128152-9-0-10.wav,street_music
/Users/jerryabuayoub/Desktop/matcher/Datasets/Urban8k/audio/fold5/128152-9-0-126.wav,street_music
/Users/jerryabuayoub/Desktop/matcher/Datasets/Urban8k/audio/fold5/128152-9-0-167.wav,street_music
/Users/jerryabuayoub/Desktop/matcher/Datasets/Urban8k/audio/fold5/128152-9-0-48.wav,street_music
/Users/jerryabuayoub/Desktop/matcher/Datasets/Urban8k/audio/fold5/128152-9-0-49.wav,street_music
/Users/jerryabuayoub/Desktop/matcher/Datasets/Urban8k/audio/fold5/128152-9-0-67.wav,street_music
/Users/jerryabuayoub/Desktop/matcher/Datasets/Urban8k/audio/fold4/131428-9-0-3.wav,street_music
/Users/jerryabuayoub/Desktop/matcher/Datasets/Urban8k/audio/fold4/131428-9-0-5.wav,street_music
/Users/jerryabuayoub/Desktop/matcher/Datasets/Urban8k/audio/fold4/131428-9-1-0.wav,street_music
/Users/jerryabuayoub/Desktop/matcher/Datasets/Urban8k/audio/fold4/131428-9-1-19.wav,street_music
/Users/jerryabuayoub/Desktop/matcher/Datasets/Urban8k/audio/fold4/131428-9-1-8.wav,street_music
/Users/jerryabuayoub/Desktop/matcher/Datasets/Urban8k/audio/fold4/131428-9-1-9.wav,street_music
/Users/jerryabuayoub/Desktop/matcher/Datasets/Urban8k/audio/fold1/132016-9-0-0.wav,street_music
/Users/jerryabuayoub/Desktop/matcher/Datasets/Urban8k/audio/fold1/132016-9-0-11.wav,street_music
/Users/jerryabuayoub/Desktop/matcher/Datasets/Urban8k/audio/fold1/132016-9-0-14.wav,street_music
/Users/jerryabuayoub/Desktop/matcher/Datasets/Urban8k/audio/fold1/132016-9-0-16.wav,street_music
/Users/jerryabuayoub/Desktop/matcher/Datasets/Urban8k/audio/fold1/132016-9-0-20.wav,street_music
/Users/jerryabuayoub/Desktop/matcher/Datasets/Urban8k/audio/fold1/132016-9-0-6.wav,street_music
/Users/jerryabuayoub/Desktop/matcher/Datasets/Urban8k/audio/fold4/132108-9-0-12.wav,street_music
/Users/jerryabuayoub/Desktop/matcher/Datasets/Urban8k/audio/fold4/132108-9-0-21.wav,street_music
/Users/jerryabuayoub/Desktop/matcher/Datasets/Urban8k/audio/fold4/132108-9-1-1.wav,street_music
/Users/jerryabuayoub/Desktop/matcher/Datasets/Urban8k/audio/fold4/132108-9-1-24.wav,street_music
/Users/jerryabuayoub/Desktop/matcher/Datasets/Urban8k/audio/fold4/132108-9-1-26.wav,street_music
/Users/jerryabuayoub/Desktop/matcher/Datasets/Urban8k/audio/fold4/132108-9-1-27.wav,street_music
/Users/jerryabuayoub/Desktop/matcher/Datasets/Urban8k/audio/fold6/132162-9-1-3.wav,street_music
/Users/jerryabuayoub/Desktop/matcher/Datasets/Urban8k/audio/fold6/132162-9-1-58.wav,street_music
/Users/jerryabuayoub/Desktop/matcher/Datasets/Urban8k/audio/fold6/132162-9-1-63.wav,street_music
/Users/jerryabuayoub/Desktop/matcher/Datasets/Urban8k/audio/fold6/132162-9-1-67.wav,street_music
/Users/jerryabuayoub/Desktop/matcher/Datasets/Urban8k/audio/fold6/132162-9-1-68.wav,street_music
/Users/jerryabuayoub/Desktop/matcher/Datasets/Urban8k/audio/fold6/132162-9-1-73.wav,street_music
/Users/jerryabuayoub/Desktop/matcher/Datasets/Urban8k/audio/fold10/136558-9-0-1.wav,street_music
/Users/jerryabuayoub/Desktop/matcher/Datasets/Urban8k/audio/fold10/136558-9-0-2.wav,street_music
/Users/jerryabuayoub/Desktop/matcher/Datasets/Urban8k/audio/fold10/136558-9-1-10.wav,street_music
/Users/jerryabuayoub/Desktop/matcher/Datasets/Urban8k/audio/fold10/136558-9-1-21.wav,street_music
/Users/jerryabuayoub/Desktop/matcher/Datasets/Urban8k/audio/fold10/136558-9-1-26.wav,street_music
/Users/jerryabuayoub/Desktop/matcher/Datasets/Urban8k/audio/fold10/136558-9-1-39.wav,street_music
/Users/jerryabuayoub/Desktop/matcher/Datasets/Urban8k/audio/fold1/137156-9-0-28.wav,street_music
/Users/jerryabuayoub/Desktop/matcher/Datasets/Urban8k/audio/fold1/137156-9-0-30.wav,street_music
/Users/jerryabuayoub/Desktop/matcher/Datasets/Urban8k/audio/fold1/137156-9-0-31.wav,street_music
/Users/jerryabuayoub/Desktop/matcher/Datasets/Urban8k/audio/fold1/137156-9-0-5.wav,street_music
/Users/jerryabuayoub/Desktop/matcher/Datasets/Urban8k/audio/fold1/137156-9-0-73.wav,street_music
/Users/jerryabuayoub/Desktop/matcher/Datasets/Urban8k/audio/fold1/137156-9-0-79.wav,street_music
/Users/jerryabuayoub/Desktop/matcher/Datasets/Urban8k/audio/fold10/138017-9-0-2.wav,street_music
/Users/jerryabuayoub/Desktop/matcher/Datasets/Urban8k/audio/fold10/138017-9-0-9.wav,street_music
/Users/jerryabuayoub/Desktop/matcher/Datasets/Urban8k/audio/fold10/138017-9-1-10.wav,street_music
/Users/jerryabuayoub/Desktop/matcher/Datasets/Urban8k/audio/fold10/138017-9-1-16.wav,street_music
/Users/jerryabuayoub/Desktop/matcher/Datasets/Urban8k/audio/fold10/138017-9-1-4.wav,street_music
/Users/jerryabuayoub/Desktop/matcher/Datasets/Urban8k/audio/fold10/138017-9-1-6.wav,street_music
/Users/jerryabuayoub/Desktop/matcher/Datasets/Urban8k/audio/fold3/138473-9-0-12.wav,street_music
/Users/jerryabuayoub/Desktop/matcher/Datasets/Urban8k/audio/fold3/138473-9-0-29.wav,street_music
/Users/jerryabuayoub/Desktop/matcher/Datasets/Urban8k/audio/fold3/138473-9-0-35.wav,street_music
/Users/jerryabuayoub/Desktop/matcher/Datasets/Urban8k/audio/fold3/138473-9-0-38.wav,street_music
/Users/jerryabuayoub/Desktop/matcher/Datasets/Urban8k/audio/fold3/138473-9-0-5.wav,street_music
/Users/jerryabuayoub/Desktop/matcher/Datasets/Urban8k/audio/fold3/138473-9-0-6.wav,street_music
/Users/jerryabuayoub/Desktop/matcher/Datasets/Urban8k/audio/fold5/139665-9-0-19.wav,street_music
/Users/jerryabuayoub/Desktop/matcher/Datasets/Urban8k/audio/fold5/139665-9-0-23.wav,street_music
/Users/jerryabuayoub/Desktop/matcher/Datasets/Urban8k/audio/fold5/139665-9-0-25.wav,street_music
/Users/jerryabuayoub/Desktop/matcher/Datasets/Urban8k/audio/fold5/139665-9-0-32.wav,street_music
/Users/jerryabuayoub/Desktop/matcher/Datasets/Urban8k/audio/fold5/139665-9-0-8.wav,street_music
/Users/jerryabuayoub/Desktop/matcher/Datasets/Urban8k/audio/fold5/139665-9-0-9.wav,street_music
/Users/jerryabuayoub/Desktop/matcher/Datasets/Urban8k/audio/fold1/139951-9-0-13.wav,street_music
/Users/jerryabuayoub/Desktop/matcher/Datasets/Urban8k/audio/fold1/139951-9-0-17.wav,street_music
/Users/jerryabuayoub/Desktop/matcher/Datasets/Urban8k/audio/fold1/139951-9-0-29.wav,street_music
/Users/jerryabuayoub/Desktop/matcher/Datasets/Urban8k/audio/fold1/139951-9-0-33.wav,street_music
/Users/jerryabuayoub/Desktop/matcher/Datasets/Urban8k/audio/fold1/139951-9-0-45.wav,street_music
/Users/jerryabuayoub/Desktop/matcher/Datasets/Urban8k/audio/fold1/139951-9-0-9.wav,street_music
/Users/jerryabuayoub/Desktop/matcher/Datasets/Urban8k/audio/fold9/14385-9-0-10.wav,street_music
/Users/jerryabuayoub/Desktop/matcher/Datasets/Urban8k/audio/fold9/14385-9-0-11.wav,street_music
/Users/jerryabuayoub/Desktop/matcher/Datasets/Urban8k/audio/fold9/14385-9-0-13.wav,street_music
/Users/jerryabuayoub/Desktop/matcher/Datasets/Urban8k/audio/fold9/14385-9-0-14.wav,street_music
/Users/jerryabuayoub/Desktop/matcher/Datasets/Urban8k/audio/fold9/14385-9-0-17.wav,street_music
/Users/jerryabuayoub/Desktop/matcher/Datasets/Urban8k/audio/fold9/14385-9-0-21.wav,street_music
/Users/jerryabuayoub/Desktop/matcher/Datasets/Urban8k/audio/fold8/14386-9-0-11.wav,street_music
/Users/jerryabuayoub/Desktop/matcher/Datasets/Urban8k/audio/fold8/14386-9-0-16.wav,street_music
/Users/jerryabuayoub/Desktop/matcher/Datasets/Urban8k/audio/fold8/14386-9-0-17.wav,street_music
/Users/jerryabuayoub/Desktop/matcher/Datasets/Urban8k/audio/fold8/14386-9-0-2.wav,street_music
/Users/jerryabuayoub/Desktop/matcher/Datasets/Urban8k/audio/fold8/14386-9-0-20.wav,street_music
/Users/jerryabuayoub/Desktop/matcher/Datasets/Urban8k/audio/fold8/14386-9-0-6.wav,street_music
/Users/jerryabuayoub/Desktop/matcher/Datasets/Urban8k/audio/fold2/14387-9-0-11.wav,street_music
/Users/jerryabuayoub/Desktop/matcher/Datasets/Urban8k/audio/fold2/14387-9-0-12.wav,street_music
/Users/jerryabuayoub/Desktop/matcher/Datasets/Urban8k/audio/fold2/14387-9-0-15.wav,street_music
/Users/jerryabuayoub/Desktop/matcher/Datasets/Urban8k/audio/fold2/14387-9-0-16.wav,street_music
/Users/jerryabuayoub/Desktop/matcher/Datasets/Urban8k/audio/fold2/14387-9-0-19.wav,street_music
/Users/jerryabuayoub/Desktop/matcher/Datasets/Urban8k/audio/fold2/14387-9-0-7.wav,street_music
/Users/jerryabuayoub/Desktop/matcher/Datasets/Urban8k/audio/fold9/14527-9-0-0.wav,street_music
/Users/jerryabuayoub/Desktop/matcher/Datasets/Urban8k/audio/fold9/14527-9-0-2.wav,street_music
/Users/jerryabuayoub/Desktop/matcher/Datasets/Urban8k/audio/fold9/14527-9-0-3.wav,street_music
/Users/jerryabuayoub/Desktop/matcher/Datasets/Urban8k/audio/fold9/14527-9-0-4.wav,street_music
/Users/jerryabuayoub/Desktop/matcher/Datasets/Urban8k/audio/fold9/14527-9-0-5.wav,street_music
/Users/jerryabuayoub/Desktop/matcher/Datasets/Urban8k/audio/fold9/14527-9-0-6.wav,street_music
/Users/jerryabuayoub/Desktop/matcher/Datasets/Urban8k/audio/fold9/14527-9-0-7.wav,street_music
/Users/jerryabuayoub/Desktop/matcher/Datasets/Urban8k/audio/fold9/145390-9-0-13.wav,street_music
/Users/jerryabuayoub/Desktop/matcher/Datasets/Urban8k/audio/fold9/145390-9-0-15.wav,street_music
/Users/jerryabuayoub/Desktop/matcher/Datasets/Urban8k/audio/fold9/145390-9-0-22.wav,street_music
/Users/jerryabuayoub/Desktop/matcher/Datasets/Urban8k/audio/fold9/145390-9-0-26.wav,street_music
/Users/jerryabuayoub/Desktop/matcher/Datasets/Urban8k/audio/fold9/145390-9-0-3.wav,street_music
/Users/jerryabuayoub/Desktop/matcher/Datasets/Urban8k/audio/fold9/145390-9-0-34.wav,street_music
/Users/jerryabuayoub/Desktop/matcher/Datasets/Urban8k/audio/fold9/145390-9-0-7.wav,street_music
/Users/jerryabuayoub/Desktop/matcher/Datasets/Urban8k/audio/fold10/147491-9-0-0.wav,street_music
/Users/jerryabuayoub/Desktop/matcher/Datasets/Urban8k/audio/fold10/147491-9-0-5.wav,street_music
/Users/jerryabuayoub/Desktop/matcher/Datasets/Urban8k/audio/fold10/147491-9-2-10.wav,street_music
/Users/jerryabuayoub/Desktop/matcher/Datasets/Urban8k/audio/fold10/147491-9-2-25.wav,street_music
/Users/jerryabuayoub/Desktop/matcher/Datasets/Urban8k/audio/fold10/147491-9-2-32.wav,street_music
/Users/jerryabuayoub/Desktop/matcher/Datasets/Urban8k/audio/fold10/147491-9-2-6.wav,street_music
/Users/jerryabuayoub/Desktop/matcher/Datasets/Urban8k/audio/fold2/14780-9-0-0.wav,street_music
/Users/jerryabuayoub/Desktop/matcher/Datasets/Urban8k/audio/fold2/14780-9-0-1.wav,street_music
/Users/jerryabuayoub/Desktop/matcher/Datasets/Urban8k/audio/fold2/14780-9-0-2.wav,street_music
/Users/jerryabuayoub/Desktop/matcher/Datasets/Urban8k/audio/fold2/149254-9-0-25.wav,street_music
/Users/jerryabuayoub/Desktop/matcher/Datasets/Urban8k/audio/fold2/149254-9-0-29.wav,street_music
/Users/jerryabuayoub/Desktop/matcher/Datasets/Urban8k/audio/fold2/149254-9-0-30.wav,street_music
/Users/jerryabuayoub/Desktop/matcher/Datasets/Urban8k/audio/fold2/149254-9-0-42.wav,street_music
/Users/jerryabuayoub/Desktop/matcher/Datasets/Urban8k/audio/fold2/149254-9-0-51.wav,street_music
/Users/jerryabuayoub/Desktop/matcher/Datasets/Urban8k/audio/fold2/149254-9-0-56.wav,street_music
/Users/jerryabuayoub/Desktop/matcher/Datasets/Urban8k/audio/fold9/149255-9-0-0.wav,street_music
/Users/jerryabuayoub/Desktop/matcher/Datasets/Urban8k/audio/fold9/149255-9-0-13.wav,street_music
/Users/jerryabuayoub/Desktop/matcher/Datasets/Urban8k/audio/fold9/149255-9-0-3.wav,street_music
/Users/jerryabuayoub/Desktop/matcher/Datasets/Urban8k/audio/fold9/149255-9-0-4.wav,street_music
/Users/jerryabuayoub/Desktop/matcher/Datasets/Urban8k/audio/fold9/149255-9-0-5.wav,street_music
/Users/jerryabuayoub/Desktop/matcher/Datasets/Urban8k/audio/fold9/149255-9-0-7.wav,street_music
/Users/jerryabuayoub/Desktop/matcher/Datasets/Urban8k/audio/fold2/149370-9-0-15.wav,street_music
/Users/jerryabuayoub/Desktop/matcher/Datasets/Urban8k/audio/fold2/149370-9-0-19.wav,street_music
/Users/jerryabuayoub/Desktop/matcher/Datasets/Urban8k/audio/fold2/149370-9-0-21.wav,street_music
/Users/jerryabuayoub/Desktop/matcher/Datasets/Urban8k/audio/fold2/149370-9-0-22.wav,street_music
/Users/jerryabuayoub/Desktop/matcher/Datasets/Urban8k/audio/fold2/149370-9-0-32.wav,street_music
/Users/jerryabuayoub/Desktop/matcher/Datasets/Urban8k/audio/fold2/149370-9-0-37.wav,street_music
/Users/jerryabuayoub/Desktop/matcher/Datasets/Urban8k/audio/fold9/149929-9-0-0.wav,street_music
/Users/jerryabuayoub/Desktop/matcher/Datasets/Urban8k/audio/fold9/149929-9-0-2.wav,street_music
/Users/jerryabuayoub/Desktop/matcher/Datasets/Urban8k/audio/fold9/149929-9-0-5.wav,street_music
/Users/jerryabuayoub/Desktop/matcher/Datasets/Urban8k/audio/fold9/149929-9-1-0.wav,street_music
/Users/jerryabuayoub/Desktop/matcher/Datasets/Urban8k/audio/fold9/149929-9-1-1.wav,street_music
/Users/jerryabuayoub/Desktop/matcher/Datasets/Urban8k/audio/fold9/149929-9-1-4.wav,street_music
/Users/jerryabuayoub/Desktop/matcher/Datasets/Urban8k/audio/fold9/152570-9-0-0.wav,street_music
/Users/jerryabuayoub/Desktop/matcher/Datasets/Urban8k/audio/fold9/152570-9-1-41.wav,street_music
/Users/jerryabuayoub/Desktop/matcher/Datasets/Urban8k/audio/fold9/152570-9-1-42.wav,street_music
/Users/jerryabuayoub/Desktop/matcher/Datasets/Urban8k/audio/fold9/152570-9-1-61.wav,street_music
/Users/jerryabuayoub/Desktop/matcher/Datasets/Urban8k/audio/fold9/152570-9-1-63.wav,street_music
/Users/jerryabuayoub/Desktop/matcher/Datasets/Urban8k/audio/fold9/152570-9-1-81.wav,street_music
/Users/jerryabuayoub/Desktop/matcher/Datasets/Urban8k/audio/fold9/155044-9-0-11.wav,street_music
/Users/jerryabuayoub/Desktop/matcher/Datasets/Urban8k/audio/fold9/155044-9-0-15.wav,street_music
/Users/jerryabuayoub/Desktop/matcher/Datasets/Urban8k/audio/fold9/155044-9-0-19.wav,street_music
/Users/jerryabuayoub/Desktop/matcher/Datasets/Urban8k/audio/fold9/155044-9-0-3.wav,street_music
/Users/jerryabuayoub/Desktop/matcher/Datasets/Urban8k/audio/fold9/155044-9-0-37.wav,street_music
/Users/jerryabuayoub/Desktop/matcher/Datasets/Urban8k/audio/fold9/155044-9-0-38.wav,street_music
/Users/jerryabuayoub/Desktop/matcher/Datasets/Urban8k/audio/fold6/155127-9-0-2.wav,street_music
/Users/jerryabuayoub/Desktop/matcher/Datasets/Urban8k/audio/fold6/155127-9-1-2.wav,street_music
/Users/jerryabuayoub/Desktop/matcher/Datasets/Urban8k/audio/fold6/155127-9-1-23.wav,street_music
/Users/jerryabuayoub/Desktop/matcher/Datasets/Urban8k/audio/fold6/155127-9-1-24.wav,street_music
/Users/jerryabuayoub/Desktop/matcher/Datasets/Urban8k/audio/fold6/155127-9-1-25.wav,street_music
/Users/jerryabuayoub/Desktop/matcher/Datasets/Urban8k/audio/fold6/155127-9-1-27.wav,street_music
/Users/jerryabuayoub/Desktop/matcher/Datasets/Urban8k/audio/fold1/155202-9-0-124.wav,street_music
/Users/jerryabuayoub/Desktop/matcher/Datasets/Urban8k/audio/fold1/155202-9-0-126.wav,street_music
/Users/jerryabuayoub/Desktop/matcher/Datasets/Urban8k/audio/fold1/155202-9-0-135.wav,street_music
/Users/jerryabuayoub/Desktop/matcher/Datasets/Urban8k/audio/fold1/155202-9-0-38.wav,street_music
/Users/jerryabuayoub/Desktop/matcher/Datasets/Urban8k/audio/fold1/155202-9-0-42.wav,street_music
/Users/jerryabuayoub/Desktop/matcher/Datasets/Urban8k/audio/fold1/155202-9-0-6.wav,street_music
/Users/jerryabuayoub/Desktop/matcher/Datasets/Urban8k/audio/fold6/155212-9-0-13.wav,street_music
/Users/jerryabuayoub/Desktop/matcher/Datasets/Urban8k/audio/fold6/155212-9-1-14.wav,street_music
/Users/jerryabuayoub/Desktop/matcher/Datasets/Urban8k/audio/fold6/155212-9-1-49.wav,street_music
/Users/jerryabuayoub/Desktop/matcher/Datasets/Urban8k/audio/fold6/155212-9-1-75.wav,street_music
/Users/jerryabuayoub/Desktop/matcher/Datasets/Urban8k/audio/fold6/155212-9-1-85.wav,street_music
/Users/jerryabuayoub/Desktop/matcher/Datasets/Urban8k/audio/fold6/155212-9-1-88.wav,street_music
/Users/jerryabuayoub/Desktop/matcher/Datasets/Urban8k/audio/fold8/155217-9-0-27.wav,street_music
/Users/jerryabuayoub/Desktop/matcher/Datasets/Urban8k/audio/fold8/155217-9-0-39.wav,street_music
/Users/jerryabuayoub/Desktop/matcher/Datasets/Urban8k/audio/fold8/155217-9-0-57.wav,street_music
/Users/jerryabuayoub/Desktop/matcher/Datasets/Urban8k/audio/fold8/155217-9-0-85.wav,street_music
/Users/jerryabuayoub/Desktop/matcher/Datasets/Urban8k/audio/fold8/155217-9-1-24.wav,street_music
/Users/jerryabuayoub/Desktop/matcher/Datasets/Urban8k/audio/fold8/155217-9-1-58.wav,street_music
/Users/jerryabuayoub/Desktop/matcher/Datasets/Urban8k/audio/fold3/155227-9-0-2.wav,street_music
/Users/jerryabuayoub/Desktop/matcher/Datasets/Urban8k/audio/fold3/155227-9-0-20.wav,street_music
/Users/jerryabuayoub/Desktop/matcher/Datasets/Urban8k/audio/fold3/155227-9-0-23.wav,street_music
/Users/jerryabuayoub/Desktop/matcher/Datasets/Urban8k/audio/fold3/155227-9-0-24.wav,street_music
/Users/jerryabuayoub/Desktop/matcher/Datasets/Urban8k/audio/fold3/155227-9-0-27.wav,street_music
/Users/jerryabuayoub/Desktop/matcher/Datasets/Urban8k/audio/fold3/155227-9-0-3.wav,street_music
/Users/jerryabuayoub/Desktop/matcher/Datasets/Urban8k/audio/fold10/155241-9-0-50.wav,street_music
/Users/jerryabuayoub/Desktop/matcher/Datasets/Urban8k/audio/fold10/155241-9-0-56.wav,street_music
/Users/jerryabuayoub/Desktop/matcher/Datasets/Urban8k/audio/fold10/155241-9-0-69.wav,street_music
/Users/jerryabuayoub/Desktop/matcher/Datasets/Urban8k/audio/fold10/155241-9-0-79.wav,street_music
/Users/jerryabuayoub/Desktop/matcher/Datasets/Urban8k/audio/fold10/155241-9-0-8.wav,street_music
/Users/jerryabuayoub/Desktop/matcher/Datasets/Urban8k/audio/fold10/155241-9-0-88.wav,street_music
/Users/jerryabuayoub/Desktop/matcher/Datasets/Urban8k/audio/fold9/155242-9-0-12.wav,street_music
/Users/jerryabuayoub/Desktop/matcher/Datasets/Urban8k/audio/fold9/155242-9-0-15.wav,street_music
/Users/jerryabuayoub/Desktop/matcher/Datasets/Urban8k/audio/fold9/155242-9-0-27.wav,street_music
/Users/jerryabuayoub/Desktop/matcher/Datasets/Urban8k/audio/fold9/155242-9-0-35.wav,street_music
/Users/jerryabuayoub/Desktop/matcher/Datasets/Urban8k/audio/fold9/155242-9-0-4.wav,street_music
/Users/jerryabuayoub/Desktop/matcher/Datasets/Urban8k/audio/fold9/155242-9-0-44.wav,street_music
/Users/jerryabuayoub/Desktop/matcher/Datasets/Urban8k/audio/fold5/155243-9-0-18.wav,street_music
/Users/jerryabuayoub/Desktop/matcher/Datasets/Urban8k/audio/fold5/155243-9-0-24.wav,street_music
/Users/jerryabuayoub/Desktop/matcher/Datasets/Urban8k/audio/fold5/155243-9-0-32.wav,street_music
/Users/jerryabuayoub/Desktop/matcher/Datasets/Urban8k/audio/fold5/155243-9-0-42.wav,street_music
/Users/jerryabuayoub/Desktop/matcher/Datasets/Urban8k/audio/fold5/155243-9-0-53.wav,street_music
/Users/jerryabuayoub/Desktop/matcher/Datasets/Urban8k/audio/fold5/155243-9-0-55.wav,street_music
/Users/jerryabuayoub/Desktop/matcher/Datasets/Urban8k/audio/fold7/157940-9-0-0.wav,street_music
/Users/jerryabuayoub/Desktop/matcher/Datasets/Urban8k/audio/fold7/157940-9-0-2.wav,street_music
/Users/jerryabuayoub/Desktop/matcher/Datasets/Urban8k/audio/fold7/157940-9-0-3.wav,street_music
/Users/jerryabuayoub/Desktop/matcher/Datasets/Urban8k/audio/fold7/157940-9-0-4.wav,street_music
/Users/jerryabuayoub/Desktop/matcher/Datasets/Urban8k/audio/fold7/157940-9-0-5.wav,street_music
/Users/jerryabuayoub/Desktop/matcher/Datasets/Urban8k/audio/fold7/157940-9-0-6.wav,street_music
/Users/jerryabuayoub/Desktop/matcher/Datasets/Urban8k/audio/fold1/161702-9-0-26.wav,street_music
/Users/jerryabuayoub/Desktop/matcher/Datasets/Urban8k/audio/fold1/161702-9-0-30.wav,street_music
/Users/jerryabuayoub/Desktop/matcher/Datasets/Urban8k/audio/fold1/161702-9-0-37.wav,street_music
/Users/jerryabuayoub/Desktop/matcher/Datasets/Urban8k/audio/fold1/161702-9-0-45.wav,street_music
/Users/jerryabuayoub/Desktop/matcher/Datasets/Urban8k/audio/fold1/161702-9-0-6.wav,street_music
/Users/jerryabuayoub/Desktop/matcher/Datasets/Urban8k/audio/fold1/161702-9-0-8.wav,street_music
/Users/jerryabuayoub/Desktop/matcher/Datasets/Urban8k/audio/fold5/164344-9-0-0.wav,street_music
/Users/jerryabuayoub/Desktop/matcher/Datasets/Urban8k/audio/fold5/164344-9-0-26.wav,street_music
/Users/jerryabuayoub/Desktop/matcher/Datasets/Urban8k/audio/fold5/164344-9-0-38.wav,street_music
/Users/jerryabuayoub/Desktop/matcher/Datasets/Urban8k/audio/fold5/164344-9-0-39.wav,street_music
/Users/jerryabuayoub/Desktop/matcher/Datasets/Urban8k/audio/fold5/164344-9-0-40.wav,street_music
/Users/jerryabuayoub/Desktop/matcher/Datasets/Urban8k/audio/fold5/164344-9-0-44.wav,street_music
/Users/jerryabuayoub/Desktop/matcher/Datasets/Urban8k/audio/fold10/164377-9-0-16.wav,street_music
/Users/jerryabuayoub/Desktop/matcher/Datasets/Urban8k/audio/fold10/164377-9-1-15.wav,street_music
/Users/jerryabuayoub/Desktop/matcher/Datasets/Urban8k/audio/fold10/164377-9-1-3.wav,street_music
/Users/jerryabuayoub/Desktop/matcher/Datasets/Urban8k/audio/fold10/164377-9-1-36.wav,street_music
/Users/jerryabuayoub/Desktop/matcher/Datasets/Urban8k/audio/fold10/164377-9-1-43.wav,street_music
/Users/jerryabuayoub/Desktop/matcher/Datasets/Urban8k/audio/fold10/164377-9-1-50.wav,street_music
/Users/jerryabuayoub/Desktop/matcher/Datasets/Urban8k/audio/fold10/164377-9-1-92.wav,street_music
/Users/jerryabuayoub/Desktop/matcher/Datasets/Urban8k/audio/fold7/165192-9-0-118.wav,street_music
/Users/jerryabuayoub/Desktop/matcher/Datasets/Urban8k/audio/fold7/165192-9-0-146.wav,street_music
/Users/jerryabuayoub/Desktop/matcher/Datasets/Urban8k/audio/fold7/165192-9-0-160.wav,street_music
/Users/jerryabuayoub/Desktop/matcher/Datasets/Urban8k/audio/fold7/165192-9-0-5.wav,street_music
/Users/jerryabuayoub/Desktop/matcher/Datasets/Urban8k/audio/fold7/165192-9-0-76.wav,street_music
/Users/jerryabuayoub/Desktop/matcher/Datasets/Urban8k/audio/fold7/165192-9-0-87.wav,street_music
/Users/jerryabuayoub/Desktop/matcher/Datasets/Urban8k/audio/fold8/16860-9-0-26.wav,street_music
/Users/jerryabuayoub/Desktop/matcher/Datasets/Urban8k/audio/fold8/16860-9-0-28.wav,street_music
/Users/jerryabuayoub/Desktop/matcher/Datasets/Urban8k/audio/fold8/16860-9-0-30.wav,street_music
/Users/jerryabuayoub/Desktop/matcher/Datasets/Urban8k/audio/fold8/16860-9-0-45.wav,street_music
/Users/jerryabuayoub/Desktop/matcher/Datasets/Urban8k/audio/fold8/16860-9-0-50.wav,street_music
/Users/jerryabuayoub/Desktop/matcher/Datasets/Urban8k/audio/fold8/16860-9-0-8.wav,street_music
/Users/jerryabuayoub/Desktop/matcher/Datasets/Urban8k/audio/fold2/168713-9-0-32.wav,street_music
/Users/jerryabuayoub/Desktop/matcher/Datasets/Urban8k/audio/fold2/168713-9-0-33.wav,street_music
/Users/jerryabuayoub/Desktop/matcher/Datasets/Urban8k/audio/fold2/168713-9-0-38.wav,street_music
/Users/jerryabuayoub/Desktop/matcher/Datasets/Urban8k/audio/fold2/168713-9-0-46.wav,street_music
/Users/jerryabuayoub/Desktop/matcher/Datasets/Urban8k/audio/fold2/168713-9-0-62.wav,street_music
/Users/jerryabuayoub/Desktop/matcher/Datasets/Urban8k/audio/fold2/168713-9-0-82.wav,street_music
/Users/jerryabuayoub/Desktop/matcher/Datasets/Urban8k/audio/fold9/168906-9-0-114.wav,street_music
/Users/jerryabuayoub/Desktop/matcher/Datasets/Urban8k/audio/fold9/168906-9-0-128.wav,street_music
/Users/jerryabuayoub/Desktop/matcher/Datasets/Urban8k/audio/fold9/168906-9-0-28.wav,street_music
/Users/jerryabuayoub/Desktop/matcher/Datasets/Urban8k/audio/fold9/168906-9-0-47.wav,street_music
/Users/jerryabuayoub/Desktop/matcher/Datasets/Urban8k/audio/fold9/168906-9-0-73.wav,street_music
/Users/jerryabuayoub/Desktop/matcher/Datasets/Urban8k/audio/fold9/168906-9-0-95.wav,street_music
/Users/jerryabuayoub/Desktop/matcher/Datasets/Urban8k/audio/fold7/171165-9-0-103.wav,street_music
/Users/jerryabuayoub/Desktop/matcher/Datasets/Urban8k/audio/fold7/171165-9-0-15.wav,street_music
/Users/jerryabuayoub/Desktop/matcher/Datasets/Urban8k/audio/fold7/171165-9-0-19.wav,street_music
/Users/jerryabuayoub/Desktop/matcher/Datasets/Urban8k/audio/fold7/171165-9-0-54.wav,street_music
/Users/jerryabuayoub/Desktop/matcher/Datasets/Urban8k/audio/fold7/171165-9-0-70.wav,street_music
/Users/jerryabuayoub/Desktop/matcher/Datasets/Urban8k/audio/fold7/171165-9-0-84.wav,street_music
/Users/jerryabuayoub/Desktop/matcher/Datasets/Urban8k/audio/fold7/171184-9-0-17.wav,street_music
/Users/jerryabuayoub/Desktop/matcher/Datasets/Urban8k/audio/fold7/171184-9-0-18.wav,street_music
/Users/jerryabuayoub/Desktop/matcher/Datasets/Urban8k/audio/fold7/171184-9-0-19.wav,street_music
/Users/jerryabuayoub/Desktop/matcher/Datasets/Urban8k/audio/fold7/171184-9-0-23.wav,street_music
/Users/jerryabuayoub/Desktop/matcher/Datasets/Urban8k/audio/fold7/171184-9-0-6.wav,street_music
/Users/jerryabuayoub/Desktop/matcher/Datasets/Urban8k/audio/fold7/171184-9-0-7.wav,street_music
/Users/jerryabuayoub/Desktop/matcher/Datasets/Urban8k/audio/fold8/171243-9-0-11.wav,street_music
/Users/jerryabuayoub/Desktop/matcher/Datasets/Urban8k/audio/fold8/171243-9-0-123.wav,street_music
/Users/jerryabuayoub/Desktop/matcher/Datasets/Urban8k/audio/fold8/171243-9-0-31.wav,street_music
/Users/jerryabuayoub/Desktop/matcher/Datasets/Urban8k/audio/fold8/171243-9-0-49.wav,street_music
/Users/jerryabuayoub/Desktop/matcher/Datasets/Urban8k/audio/fold8/171243-9-0-81.wav,street_music
/Users/jerryabuayoub/Desktop/matcher/Datasets/Urban8k/audio/fold8/171243-9-0-85.wav,street_music
/Users/jerryabuayoub/Desktop/matcher/Datasets/Urban8k/audio/fold8/171243-9-0-91.wav,street_music
/Users/jerryabuayoub/Desktop/matcher/Datasets/Urban8k/audio/fold5/171388-9-0-202.wav,street_music
/Users/jerryabuayoub/Desktop/matcher/Datasets/Urban8k/audio/fold5/171388-9-0-225.wav,street_music
/Users/jerryabuayoub/Desktop/matcher/Datasets/Urban8k/audio/fold5/171388-9-0-246.wav,street_music
/Users/jerryabuayoub/Desktop/matcher/Datasets/Urban8k/audio/fold5/171388-9-0-253.wav,street_music
/Users/jerryabuayoub/Desktop/matcher/Datasets/Urban8k/audio/fold5/171388-9-0-43.wav,street_music
/Users/jerryabuayoub/Desktop/matcher/Datasets/Urban8k/audio/fold5/171388-9-0-88.wav,street_music
/Users/jerryabuayoub/Desktop/matcher/Datasets/Urban8k/audio/fold9/171406-9-0-124.wav,street_music
/Users/jerryabuayoub/Desktop/matcher/Datasets/Urban8k/audio/fold9/171406-9-0-183.wav,street_music
/Users/jerryabuayoub/Desktop/matcher/Datasets/Urban8k/audio/fold9/171406-9-0-23.wav,street_music
/Users/jerryabuayoub/Desktop/matcher/Datasets/Urban8k/audio/fold9/171406-9-0-57.wav,street_music
/Users/jerryabuayoub/Desktop/matcher/Datasets/Urban8k/audio/fold9/171406-9-0-7.wav,street_music
/Users/jerryabuayoub/Desktop/matcher/Datasets/Urban8k/audio/fold9/171406-9-0-90.wav,street_music
/Users/jerryabuayoub/Desktop/matcher/Datasets/Urban8k/audio/fold10/171478-9-0-26.wav,street_music
/Users/jerryabuayoub/Desktop/matcher/Datasets/Urban8k/audio/fold10/171478-9-0-28.wav,street_music
/Users/jerryabuayoub/Desktop/matcher/Datasets/Urban8k/audio/fold10/171478-9-0-38.wav,street_music
/Users/jerryabuayoub/Desktop/matcher/Datasets/Urban8k/audio/fold10/171478-9-0-4.wav,street_music
/Users/jerryabuayoub/Desktop/matcher/Datasets/Urban8k/audio/fold10/171478-9-0-55.wav,street_music
/Users/jerryabuayoub/Desktop/matcher/Datasets/Urban8k/audio/fold10/171478-9-0-57.wav,street_music
/Users/jerryabuayoub/Desktop/matcher/Datasets/Urban8k/audio/fold10/171478-9-0-58.wav,street_music
/Users/jerryabuayoub/Desktop/matcher/Datasets/Urban8k/audio/fold1/172314-9-0-22.wav,street_music
/Users/jerryabuayoub/Desktop/matcher/Datasets/Urban8k/audio/fold1/172314-9-0-40.wav,street_music
/Users/jerryabuayoub/Desktop/matcher/Datasets/Urban8k/audio/fold1/172314-9-0-51.wav,street_music
/Users/jerryabuayoub/Desktop/matcher/Datasets/Urban8k/audio/fold1/172314-9-0-52.wav,street_music
/Users/jerryabuayoub/Desktop/matcher/Datasets/Urban8k/audio/fold1/172314-9-0-72.wav,street_music
/Users/jerryabuayoub/Desktop/matcher/Datasets/Urban8k/audio/fold1/172314-9-0-80.wav,street_music
/Users/jerryabuayoub/Desktop/matcher/Datasets/Urban8k/audio/fold3/172315-9-0-105.wav,street_music
/Users/jerryabuayoub/Desktop/matcher/Datasets/Urban8k/audio/fold3/172315-9-0-113.wav,street_music
/Users/jerryabuayoub/Desktop/matcher/Datasets/Urban8k/audio/fold3/172315-9-0-203.wav,street_music
/Users/jerryabuayoub/Desktop/matcher/Datasets/Urban8k/audio/fold3/172315-9-0-211.wav,street_music
/Users/jerryabuayoub/Desktop/matcher/Datasets/Urban8k/audio/fold3/172315-9-0-212.wav,street_music
/Users/jerryabuayoub/Desktop/matcher/Datasets/Urban8k/audio/fold3/172315-9-0-224.wav,street_music
/Users/jerryabuayoub/Desktop/matcher/Datasets/Urban8k/audio/fold4/172338-9-0-1.wav,street_music
/Users/jerryabuayoub/Desktop/matcher/Datasets/Urban8k/audio/fold4/172338-9-0-20.wav,street_music
/Users/jerryabuayoub/Desktop/matcher/Datasets/Urban8k/audio/fold4/172338-9-0-21.wav,street_music
/Users/jerryabuayoub/Desktop/matcher/Datasets/Urban8k/audio/fold4/172338-9-0-39.wav,street_music
/Users/jerryabuayoub/Desktop/matcher/Datasets/Urban8k/audio/fold4/172338-9-0-6.wav,street_music
/Users/jerryabuayoub/Desktop/matcher/Datasets/Urban8k/audio/fold4/172338-9-0-7.wav,street_music
/Users/jerryabuayoub/Desktop/matcher/Datasets/Urban8k/audio/fold5/172460-9-0-100.wav,street_music
/Users/jerryabuayoub/Desktop/matcher/Datasets/Urban8k/audio/fold5/172460-9-0-101.wav,street_music
/Users/jerryabuayoub/Desktop/matcher/Datasets/Urban8k/audio/fold5/172460-9-0-24.wav,street_music
/Users/jerryabuayoub/Desktop/matcher/Datasets/Urban8k/audio/fold5/172460-9-0-31.wav,street_music
/Users/jerryabuayoub/Desktop/matcher/Datasets/Urban8k/audio/fold5/172460-9-0-91.wav,street_music
/Users/jerryabuayoub/Desktop/matcher/Datasets/Urban8k/audio/fold5/172460-9-0-94.wav,street_music
/Users/jerryabuayoub/Desktop/matcher/Datasets/Urban8k/audio/fold10/172519-9-0-10.wav,street_music
/Users/jerryabuayoub/Desktop/matcher/Datasets/Urban8k/audio/fold10/172519-9-0-13.wav,street_music
/Users/jerryabuayoub/Desktop/matcher/Datasets/Urban8k/audio/fold10/172519-9-0-49.wav,street_music
/Users/jerryabuayoub/Desktop/matcher/Datasets/Urban8k/audio/fold10/172519-9-0-53.wav,street_music
/Users/jerryabuayoub/Desktop/matcher/Datasets/Urban8k/audio/fold10/172519-9-0-67.wav,street_music
/Users/jerryabuayoub/Desktop/matcher/Datasets/Urban8k/audio/fold10/172519-9-0-8.wav,street_music
/Users/jerryabuayoub/Desktop/matcher/Datasets/Urban8k/audio/fold7/173891-9-0-1.wav,street_music
/Users/jerryabuayoub/Desktop/matcher/Datasets/Urban8k/audio/fold7/173891-9-0-10.wav,street_music
/Users/jerryabuayoub/Desktop/matcher/Datasets/Urban8k/audio/fold7/173891-9-0-11.wav,street_music
/Users/jerryabuayoub/Desktop/matcher/Datasets/Urban8k/audio/fold7/173891-9-0-17.wav,street_music
/Users/jerryabuayoub/Desktop/matcher/Datasets/Urban8k/audio/fold7/173891-9-0-2.wav,street_music
/Users/jerryabuayoub/Desktop/matcher/Datasets/Urban8k/audio/fold7/173891-9-0-7.wav,street_music
/Users/jerryabuayoub/Desktop/matcher/Datasets/Urban8k/audio/fold5/178099-9-0-0.wav,street_music
/Users/jerryabuayoub/Desktop/matcher/Datasets/Urban8k/audio/fold5/178099-9-0-1.wav,street_music
/Users/jerryabuayoub/Desktop/matcher/Datasets/Urban8k/audio/fold5/178099-9-0-10.wav,street_music
/Users/jerryabuayoub/Desktop/matcher/Datasets/Urban8k/audio/fold5/178099-9-0-12.wav,street_music
/Users/jerryabuayoub/Desktop/matcher/Datasets/Urban8k/audio/fold5/178099-9-0-6.wav,street_music
/Users/jerryabuayoub/Desktop/matcher/Datasets/Urban8k/audio/fold5/178099-9-0-7.wav,street_music
/Users/jerryabuayoub/Desktop/matcher/Datasets/Urban8k/audio/fold8/179039-9-0-22.wav,street_music
/Users/jerryabuayoub/Desktop/matcher/Datasets/Urban8k/audio/fold8/179039-9-0-23.wav,street_music
/Users/jerryabuayoub/Desktop/matcher/Datasets/Urban8k/audio/fold8/179039-9-0-30.wav,street_music
/Users/jerryabuayoub/Desktop/matcher/Datasets/Urban8k/audio/fold8/179039-9-0-38.wav,street_music
/Users/jerryabuayoub/Desktop/matcher/Datasets/Urban8k/audio/fold8/179039-9-0-4.wav,street_music
/Users/jerryabuayoub/Desktop/matcher/Datasets/Urban8k/audio/fold8/179039-9-0-40.wav,street_music
/Users/jerryabuayoub/Desktop/matcher/Datasets/Urban8k/audio/fold3/180057-9-0-11.wav,street_music
/Users/jerryabuayoub/Desktop/matcher/Datasets/Urban8k/audio/fold3/180057-9-0-20.wav,street_music
/Users/jerryabuayoub/Desktop/matcher/Datasets/Urban8k/audio/fold3/180057-9-0-34.wav,street_music
/Users/jerryabuayoub/Desktop/matcher/Datasets/Urban8k/audio/fold3/180057-9-0-36.wav,street_music
/Users/jerryabuayoub/Desktop/matcher/Datasets/Urban8k/audio/fold3/180057-9-0-5.wav,street_music
/Users/jerryabuayoub/Desktop/matcher/Datasets/Urban8k/audio/fold3/180057-9-0-7.wav,street_music
/Users/jerryabuayoub/Desktop/matcher/Datasets/Urban8k/audio/fold7/181102-9-0-111.wav,street_music
/Users/jerryabuayoub/Desktop/matcher/Datasets/Urban8k/audio/fold7/181102-9-0-117.wav,street_music
/Users/jerryabuayoub/Desktop/matcher/Datasets/Urban8k/audio/fold7/181102-9-0-23.wav,street_music
/Users/jerryabuayoub/Desktop/matcher/Datasets/Urban8k/audio/fold7/181102-9-0-26.wav,street_music
/Users/jerryabuayoub/Desktop/matcher/Datasets/Urban8k/audio/fold7/181102-9-0-50.wav,street_music
/Users/jerryabuayoub/Desktop/matcher/Datasets/Urban8k/audio/fold7/181102-9-0-97.wav,street_music
/Users/jerryabuayoub/Desktop/matcher/Datasets/Urban8k/audio/fold3/182103-9-0-0.wav,street_music
/Users/jerryabuayoub/Desktop/matcher/Datasets/Urban8k/audio/fold3/182103-9-0-22.wav,street_music
/Users/jerryabuayoub/Desktop/matcher/Datasets/Urban8k/audio/fold3/182103-9-0-26.wav,street_music
/Users/jerryabuayoub/Desktop/matcher/Datasets/Urban8k/audio/fold3/182103-9-0-47.wav,street_music
/Users/jerryabuayoub/Desktop/matcher/Datasets/Urban8k/audio/fold3/182103-9-0-53.wav,street_music
/Users/jerryabuayoub/Desktop/matcher/Datasets/Urban8k/audio/fold3/182103-9-0-8.wav,street_music
/Users/jerryabuayoub/Desktop/matcher/Datasets/Urban8k/audio/fold3/185373-9-0-21.wav,street_music
/Users/jerryabuayoub/Desktop/matcher/Datasets/Urban8k/audio/fold3/185373-9-0-6.wav,street_music
/Users/jerryabuayoub/Desktop/matcher/Datasets/Urban8k/audio/fold3/185373-9-1-17.wav,street_music
/Users/jerryabuayoub/Desktop/matcher/Datasets/Urban8k/audio/fold3/185373-9-1-46.wav,street_music
/Users/jerryabuayoub/Desktop/matcher/Datasets/Urban8k/audio/fold3/185373-9-1-7.wav,street_music
/Users/jerryabuayoub/Desktop/matcher/Datasets/Urban8k/audio/fold3/185373-9-1-70.wav,street_music
/Users/jerryabuayoub/Desktop/matcher/Datasets/Urban8k/audio/fold9/185374-9-0-16.wav,street_music
/Users/jerryabuayoub/Desktop/matcher/Datasets/Urban8k/audio/fold9/185374-9-0-18.wav,street_music
/Users/jerryabuayoub/Desktop/matcher/Datasets/Urban8k/audio/fold9/185374-9-0-23.wav,street_music
/Users/jerryabuayoub/Desktop/matcher/Datasets/Urban8k/audio/fold9/185374-9-0-30.wav,street_music
/Users/jerryabuayoub/Desktop/matcher/Datasets/Urban8k/audio/fold9/185374-9-0-33.wav,street_music
/Users/jerryabuayoub/Desktop/matcher/Datasets/Urban8k/audio/fold9/185374-9-0-35.wav,street_music
/Users/jerryabuayoub/Desktop/matcher/Datasets/Urban8k/audio/fold9/185374-9-0-60.wav,street_music
/Users/jerryabuayoub/Desktop/matcher/Datasets/Urban8k/audio/fold3/185375-9-0-23.wav,street_music
/Users/jerryabuayoub/Desktop/matcher/Datasets/Urban8k/audio/fold3/185375-9-0-26.wav,street_music
/Users/jerryabuayoub/Desktop/matcher/Datasets/Urban8k/audio/fold3/185375-9-0-33.wav,street_music
/Users/jerryabuayoub/Desktop/matcher/Datasets/Urban8k/audio/fold3/185375-9-0-60.wav,street_music
/Users/jerryabuayoub/Desktop/matcher/Datasets/Urban8k/audio/fold3/185375-9-0-61.wav,street_music
/Users/jerryabuayoub/Desktop/matcher/Datasets/Urban8k/audio/fold3/185375-9-0-84.wav,street_music
/Users/jerryabuayoub/Desktop/matcher/Datasets/Urban8k/audio/fold3/186336-9-0-0.wav,street_music
/Users/jerryabuayoub/Desktop/matcher/Datasets/Urban8k/audio/fold3/186336-9-0-1.wav,street_music
/Users/jerryabuayoub/Desktop/matcher/Datasets/Urban8k/audio/fold3/186336-9-0-2.wav,street_music
/Users/jerryabuayoub/Desktop/matcher/Datasets/Urban8k/audio/fold3/186336-9-0-3.wav,street_music
/Users/jerryabuayoub/Desktop/matcher/Datasets/Urban8k/audio/fold3/186336-9-0-4.wav,street_music
/Users/jerryabuayoub/Desktop/matcher/Datasets/Urban8k/audio/fold3/186339-9-0-1.wav,street_music
/Users/jerryabuayoub/Desktop/matcher/Datasets/Urban8k/audio/fold3/186339-9-0-12.wav,street_music
/Users/jerryabuayoub/Desktop/matcher/Datasets/Urban8k/audio/fold3/186339-9-0-17.wav,street_music
/Users/jerryabuayoub/Desktop/matcher/Datasets/Urban8k/audio/fold3/186339-9-0-18.wav,street_music
/Users/jerryabuayoub/Desktop/matcher/Datasets/Urban8k/audio/fold3/186339-9-0-3.wav,street_music
/Users/jerryabuayoub/Desktop/matcher/Datasets/Urban8k/audio/fold3/186339-9-0-7.wav,street_music
/Users/jerryabuayoub/Desktop/matcher/Datasets/Urban8k/audio/fold8/189825-9-0-0.wav,street_music
/Users/jerryabuayoub/Desktop/matcher/Datasets/Urban8k/audio/fold8/189825-9-0-1.wav,street_music
/Users/jerryabuayoub/Desktop/matcher/Datasets/Urban8k/audio/fold8/189825-9-0-2.wav,street_music
/Users/jerryabuayoub/Desktop/matcher/Datasets/Urban8k/audio/fold8/189825-9-0-3.wav,street_music
/Users/jerryabuayoub/Desktop/matcher/Datasets/Urban8k/audio/fold8/189825-9-0-5.wav,street_music
/Users/jerryabuayoub/Desktop/matcher/Datasets/Urban8k/audio/fold8/189825-9-0-7.wav,street_music
/Users/jerryabuayoub/Desktop/matcher/Datasets/Urban8k/audio/fold1/191431-9-0-26.wav,street_music
/Users/jerryabuayoub/Desktop/matcher/Datasets/Urban8k/audio/fold1/191431-9-0-30.wav,street_music
/Users/jerryabuayoub/Desktop/matcher/Datasets/Urban8k/audio/fold1/191431-9-0-61.wav,street_music
/Users/jerryabuayoub/Desktop/matcher/Datasets/Urban8k/audio/fold1/191431-9-0-66.wav,street_music
/Users/jerryabuayoub/Desktop/matcher/Datasets/Urban8k/audio/fold1/191431-9-0-73.wav,street_music
/Users/jerryabuayoub/Desktop/matcher/Datasets/Urban8k/audio/fold1/191431-9-0-8.wav,street_music
/Users/jerryabuayoub/Desktop/matcher/Datasets/Urban8k/audio/fold9/194310-9-0-15.wav,street_music
/Users/jerryabuayoub/Desktop/matcher/Datasets/Urban8k/audio/fold9/194310-9-0-3.wav,street_music
/Users/jerryabuayoub/Desktop/matcher/Datasets/Urban8k/audio/fold9/194310-9-0-35.wav,street_music
/Users/jerryabuayoub/Desktop/matcher/Datasets/Urban8k/audio/fold9/194310-9-0-7.wav,street_music
/Users/jerryabuayoub/Desktop/matcher/Datasets/Urban8k/audio/fold9/194310-9-0-73.wav,street_music
/Users/jerryabuayoub/Desktop/matcher/Datasets/Urban8k/audio/fold9/194310-9-0-8.wav,street_music
/Users/jerryabuayoub/Desktop/matcher/Datasets/Urban8k/audio/fold6/194321-9-0-100.wav,street_music
/Users/jerryabuayoub/Desktop/matcher/Datasets/Urban8k/audio/fold6/194321-9-0-126.wav,street_music
/Users/jerryabuayoub/Desktop/matcher/Datasets/Urban8k/audio/fold6/194321-9-0-150.wav,street_music
/Users/jerryabuayoub/Desktop/matcher/Datasets/Urban8k/audio/fold6/194321-9-0-241.wav,street_music
/Users/jerryabuayoub/Desktop/matcher/Datasets/Urban8k/audio/fold6/194321-9-0-6.wav,street_music
/Users/jerryabuayoub/Desktop/matcher/Datasets/Urban8k/audio/fold6/194321-9-0-61.wav,street_music
/Users/jerryabuayoub/Desktop/matcher/Datasets/Urban8k/audio/fold4/194458-9-0-2.wav,street_music
/Users/jerryabuayoub/Desktop/matcher/Datasets/Urban8k/audio/fold4/194458-9-0-34.wav,street_music
/Users/jerryabuayoub/Desktop/matcher/Datasets/Urban8k/audio/fold4/194458-9-1-122.wav,street_music
/Users/jerryabuayoub/Desktop/matcher/Datasets/Urban8k/audio/fold4/194458-9-1-75.wav,street_music
/Users/jerryabuayoub/Desktop/matcher/Datasets/Urban8k/audio/fold4/194458-9-1-91.wav,street_music
/Users/jerryabuayoub/Desktop/matcher/Datasets/Urban8k/audio/fold1/194732-9-0-126.wav,street_music
/Users/jerryabuayoub/Desktop/matcher/Datasets/Urban8k/audio/fold1/194732-9-0-163.wav,street_music
/Users/jerryabuayoub/Desktop/matcher/Datasets/Urban8k/audio/fold1/194732-9-0-171.wav,street_music
/Users/jerryabuayoub/Desktop/matcher/Datasets/Urban8k/audio/fold1/194732-9-0-175.wav,street_music
/Users/jerryabuayoub/Desktop/matcher/Datasets/Urban8k/audio/fold1/194732-9-0-191.wav,street_music
/Users/jerryabuayoub/Desktop/matcher/Datasets/Urban8k/audio/fold1/194732-9-0-41.wav,street_music
/Users/jerryabuayoub/Desktop/matcher/Datasets/Urban8k/audio/fold1/194732-9-0-95.wav,street_music
/Users/jerryabuayoub/Desktop/matcher/Datasets/Urban8k/audio/fold8/194733-9-0-1.wav,street_music
/Users/jerryabuayoub/Desktop/matcher/Datasets/Urban8k/audio/fold8/194733-9-0-10.wav,street_music
/Users/jerryabuayoub/Desktop/matcher/Datasets/Urban8k/audio/fold8/194733-9-0-11.wav,street_music
/Users/jerryabuayoub/Desktop/matcher/Datasets/Urban8k/audio/fold8/194733-9-0-12.wav,street_music
/Users/jerryabuayoub/Desktop/matcher/Datasets/Urban8k/audio/fold8/194733-9-0-14.wav,street_music
/Users/jerryabuayoub/Desktop/matcher/Datasets/Urban8k/audio/fold8/194733-9-0-16.wav,street_music
/Users/jerryabuayoub/Desktop/matcher/Datasets/Urban8k/audio/fold8/194733-9-0-7.wav,street_music
/Users/jerryabuayoub/Desktop/matcher/Datasets/Urban8k/audio/fold2/194841-9-0-130.wav,street_music
/Users/jerryabuayoub/Desktop/matcher/Datasets/Urban8k/audio/fold2/194841-9-0-144.wav,street_music
/Users/jerryabuayoub/Desktop/matcher/Datasets/Urban8k/audio/fold2/194841-9-0-164.wav,street_music
/Users/jerryabuayoub/Desktop/matcher/Datasets/Urban8k/audio/fold2/194841-9-0-178.wav,street_music
/Users/jerryabuayoub/Desktop/matcher/Datasets/Urban8k/audio/fold2/194841-9-0-222.wav,street_music
/Users/jerryabuayoub/Desktop/matcher/Datasets/Urban8k/audio/fold2/194841-9-0-48.wav,street_music
/Users/jerryabuayoub/Desktop/matcher/Datasets/Urban8k/audio/fold5/194910-9-0-108.wav,street_music
/Users/jerryabuayoub/Desktop/matcher/Datasets/Urban8k/audio/fold5/194910-9-0-26.wav,street_music
/Users/jerryabuayoub/Desktop/matcher/Datasets/Urban8k/audio/fold5/194910-9-0-5.wav,street_music
/Users/jerryabuayoub/Desktop/matcher/Datasets/Urban8k/audio/fold5/194910-9-0-63.wav,street_music
/Users/jerryabuayoub/Desktop/matcher/Datasets/Urban8k/audio/fold5/194910-9-0-65.wav,street_music
/Users/jerryabuayoub/Desktop/matcher/Datasets/Urban8k/audio/fold2/196384-9-0-11.wav,street_music
/Users/jerryabuayoub/Desktop/matcher/Datasets/Urban8k/audio/fold2/196384-9-0-15.wav,street_music
/Users/jerryabuayoub/Desktop/matcher/Datasets/Urban8k/audio/fold2/196384-9-0-16.wav,street_music
/Users/jerryabuayoub/Desktop/matcher/Datasets/Urban8k/audio/fold2/196384-9-0-18.wav,street_music
/Users/jerryabuayoub/Desktop/matcher/Datasets/Urban8k/audio/fold2/196384-9-0-2.wav,street_music
/Users/jerryabuayoub/Desktop/matcher/Datasets/Urban8k/audio/fold2/196384-9-0-27.wav,street_music
/Users/jerryabuayoub/Desktop/matcher/Datasets/Urban8k/audio/fold10/202334-9-0-105.wav,street_music
/Users/jerryabuayoub/Desktop/matcher/Datasets/Urban8k/audio/fold10/202334-9-0-106.wav,street_music
/Users/jerryabuayoub/Desktop/matcher/Datasets/Urban8k/audio/fold10/202334-9-0-137.wav,street_music
/Users/jerryabuayoub/Desktop/matcher/Datasets/Urban8k/audio/fold10/202334-9-0-202.wav,street_music
/Users/jerryabuayoub/Desktop/matcher/Datasets/Urban8k/audio/fold10/202334-9-0-63.wav,street_music
/Users/jerryabuayoub/Desktop/matcher/Datasets/Urban8k/audio/fold10/202334-9-0-88.wav,street_music
/Users/jerryabuayoub/Desktop/matcher/Datasets/Urban8k/audio/fold10/203424-9-0-15.wav,street_music
/Users/jerryabuayoub/Desktop/matcher/Datasets/Urban8k/audio/fold10/203424-9-0-18.wav,street_music
/Users/jerryabuayoub/Desktop/matcher/Datasets/Urban8k/audio/fold10/203424-9-0-26.wav,street_music
/Users/jerryabuayoub/Desktop/matcher/Datasets/Urban8k/audio/fold10/203424-9-0-34.wav,street_music
/Users/jerryabuayoub/Desktop/matcher/Datasets/Urban8k/audio/fold10/203424-9-0-4.wav,street_music
/Users/jerryabuayoub/Desktop/matcher/Datasets/Urban8k/audio/fold10/203424-9-0-46.wav,street_music
/Users/jerryabuayoub/Desktop/matcher/Datasets/Urban8k/audio/fold5/203654-9-0-15.wav,street_music
/Users/jerryabuayoub/Desktop/matcher/Datasets/Urban8k/audio/fold5/203654-9-0-28.wav,street_music
/Users/jerryabuayoub/Desktop/matcher/Datasets/Urban8k/audio/fold5/203654-9-0-39.wav,street_music
/Users/jerryabuayoub/Desktop/matcher/Datasets/Urban8k/audio/fold5/203654-9-0-42.wav,street_music
/Users/jerryabuayoub/Desktop/matcher/Datasets/Urban8k/audio/fold5/203654-9-0-60.wav,street_music
/Users/jerryabuayoub/Desktop/matcher/Datasets/Urban8k/audio/fold5/203654-9-0-8.wav,street_music
/Users/jerryabuayoub/Desktop/matcher/Datasets/Urban8k/audio/fold7/21683-9-0-15.wav,street_music
/Users/jerryabuayoub/Desktop/matcher/Datasets/Urban8k/audio/fold7/21683-9-0-18.wav,street_music
/Users/jerryabuayoub/Desktop/matcher/Datasets/Urban8k/audio/fold7/21683-9-0-3.wav,street_music
/Users/jerryabuayoub/Desktop/matcher/Datasets/Urban8k/audio/fold7/21683-9-0-30.wav,street_music
/Users/jerryabuayoub/Desktop/matcher/Datasets/Urban8k/audio/fold7/21683-9-0-34.wav,street_music
/Users/jerryabuayoub/Desktop/matcher/Datasets/Urban8k/audio/fold7/21683-9-0-39.wav,street_music
/Users/jerryabuayoub/Desktop/matcher/Datasets/Urban8k/audio/fold7/21683-9-0-45.wav,street_music
/Users/jerryabuayoub/Desktop/matcher/Datasets/Urban8k/audio/fold1/21684-9-0-12.wav,street_music
/Users/jerryabuayoub/Desktop/matcher/Datasets/Urban8k/audio/fold1/21684-9-0-25.wav,street_music
/Users/jerryabuayoub/Desktop/matcher/Datasets/Urban8k/audio/fold1/21684-9-0-30.wav,street_music
/Users/jerryabuayoub/Desktop/matcher/Datasets/Urban8k/audio/fold1/21684-9-0-39.wav,street_music
/Users/jerryabuayoub/Desktop/matcher/Datasets/Urban8k/audio/fold1/21684-9-0-5.wav,street_music
/Users/jerryabuayoub/Desktop/matcher/Datasets/Urban8k/audio/fold1/21684-9-0-50.wav,street_music
/Users/jerryabuayoub/Desktop/matcher/Datasets/Urban8k/audio/fold1/21684-9-0-7.wav,street_music
/Users/jerryabuayoub/Desktop/matcher/Datasets/Urban8k/audio/fold1/26270-9-0-19.wav,street_music
/Users/jerryabuayoub/Desktop/matcher/Datasets/Urban8k/audio/fold1/26270-9-0-23.wav,street_music
/Users/jerryabuayoub/Desktop/matcher/Datasets/Urban8k/audio/fold1/26270-9-0-3.wav,street_music
/Users/jerryabuayoub/Desktop/matcher/Datasets/Urban8k/audio/fold1/26270-9-0-30.wav,street_music
/Users/jerryabuayoub/Desktop/matcher/Datasets/Urban8k/audio/fold1/26270-9-0-32.wav,street_music
/Users/jerryabuayoub/Desktop/matcher/Datasets/Urban8k/audio/fold1/26270-9-0-35.wav,street_music
/Users/jerryabuayoub/Desktop/matcher/Datasets/Urban8k/audio/fold7/28385-9-0-32.wav,street_music
/Users/jerryabuayoub/Desktop/matcher/Datasets/Urban8k/audio/fold7/28385-9-0-33.wav,street_music
/Users/jerryabuayoub/Desktop/matcher/Datasets/Urban8k/audio/fold7/28385-9-0-44.wav,street_music
/Users/jerryabuayoub/Desktop/matcher/Datasets/Urban8k/audio/fold7/28385-9-0-46.wav,street_music
/Users/jerryabuayoub/Desktop/matcher/Datasets/Urban8k/audio/fold7/28385-9-0-57.wav,street_music
/Users/jerryabuayoub/Desktop/matcher/Datasets/Urban8k/audio/fold7/28385-9-0-65.wav,street_music
/Users/jerryabuayoub/Desktop/matcher/Datasets/Urban8k/audio/fold7/28385-9-0-9.wav,street_music
/Users/jerryabuayoub/Desktop/matcher/Datasets/Urban8k/audio/fold6/31973-9-0-43.wav,street_music
/Users/jerryabuayoub/Desktop/matcher/Datasets/Urban8k/audio/fold6/31973-9-0-51.wav,street_music
/Users/jerryabuayoub/Desktop/matcher/Datasets/Urban8k/audio/fold6/31973-9-0-56.wav,street_music
/Users/jerryabuayoub/Desktop/matcher/Datasets/Urban8k/audio/fold6/31973-9-0-57.wav,street_music
/Users/jerryabuayoub/Desktop/matcher/Datasets/Urban8k/audio/fold6/31973-9-0-64.wav,street_music
/Users/jerryabuayoub/Desktop/matcher/Datasets/Urban8k/audio/fold6/31973-9-0-71.wav,street_music
/Users/jerryabuayoub/Desktop/matcher/Datasets/Urban8k/audio/fold8/34866-9-0-10.wav,street_music
/Users/jerryabuayoub/Desktop/matcher/Datasets/Urban8k/audio/fold8/34866-9-0-11.wav,street_music
/Users/jerryabuayoub/Desktop/matcher/Datasets/Urban8k/audio/fold8/34866-9-0-13.wav,street_music
/Users/jerryabuayoub/Desktop/matcher/Datasets/Urban8k/audio/fold8/34866-9-0-3.wav,street_music
/Users/jerryabuayoub/Desktop/matcher/Datasets/Urban8k/audio/fold8/34866-9-0-5.wav,street_music
/Users/jerryabuayoub/Desktop/matcher/Datasets/Urban8k/audio/fold8/34866-9-0-9.wav,street_music
/Users/jerryabuayoub/Desktop/matcher/Datasets/Urban8k/audio/fold6/35548-9-0-10.wav,street_music
/Users/jerryabuayoub/Desktop/matcher/Datasets/Urban8k/audio/fold6/35548-9-0-21.wav,street_music
/Users/jerryabuayoub/Desktop/matcher/Datasets/Urban8k/audio/fold6/35548-9-0-23.wav,street_music
/Users/jerryabuayoub/Desktop/matcher/Datasets/Urban8k/audio/fold6/35548-9-1-14.wav,street_music
/Users/jerryabuayoub/Desktop/matcher/Datasets/Urban8k/audio/fold6/35548-9-2-7.wav,street_music
/Users/jerryabuayoub/Desktop/matcher/Datasets/Urban8k/audio/fold6/35548-9-2-9.wav,street_music
/Users/jerryabuayoub/Desktop/matcher/Datasets/Urban8k/audio/fold4/35549-9-0-14.wav,street_music
/Users/jerryabuayoub/Desktop/matcher/Datasets/Urban8k/audio/fold4/35549-9-0-2.wav,street_music
/Users/jerryabuayoub/Desktop/matcher/Datasets/Urban8k/audio/fold4/35549-9-0-28.wav,street_music
/Users/jerryabuayoub/Desktop/matcher/Datasets/Urban8k/audio/fold4/35549-9-0-47.wav,street_music
/Users/jerryabuayoub/Desktop/matcher/Datasets/Urban8k/audio/fold4/35549-9-0-51.wav,street_music
/Users/jerryabuayoub/Desktop/matcher/Datasets/Urban8k/audio/fold4/35549-9-0-58.wav,street_music
/Users/jerryabuayoub/Desktop/matcher/Datasets/Urban8k/audio/fold5/36263-9-0-12.wav,street_music
/Users/jerryabuayoub/Desktop/matcher/Datasets/Urban8k/audio/fold5/36263-9-0-13.wav,street_music
/Users/jerryabuayoub/Desktop/matcher/Datasets/Urban8k/audio/fold5/36263-9-0-17.wav,street_music
/Users/jerryabuayoub/Desktop/matcher/Datasets/Urban8k/audio/fold5/36263-9-0-2.wav,street_music
/Users/jerryabuayoub/Desktop/matcher/Datasets/Urban8k/audio/fold5/36263-9-0-3.wav,street_music
/Users/jerryabuayoub/Desktop/matcher/Datasets/Urban8k/audio/fold5/36263-9-0-5.wav,street_music
/Users/jerryabuayoub/Desktop/matcher/Datasets/Urban8k/audio/fold7/36264-9-0-0.wav,street_music
/Users/jerryabuayoub/Desktop/matcher/Datasets/Urban8k/audio/fold7/36264-9-0-1.wav,street_music
/Users/jerryabuayoub/Desktop/matcher/Datasets/Urban8k/audio/fold7/36264-9-0-10.wav,street_music
/Users/jerryabuayoub/Desktop/matcher/Datasets/Urban8k/audio/fold7/36264-9-0-2.wav,street_music
/Users/jerryabuayoub/Desktop/matcher/Datasets/Urban8k/audio/fold7/36264-9-0-5.wav,street_music
/Users/jerryabuayoub/Desktop/matcher/Datasets/Urban8k/audio/fold7/36264-9-0-7.wav,street_music
/Users/jerryabuayoub/Desktop/matcher/Datasets/Urban8k/audio/fold8/39967-9-0-0.wav,street_music
/Users/jerryabuayoub/Desktop/matcher/Datasets/Urban8k/audio/fold8/39967-9-0-100.wav,street_music
/Users/jerryabuayoub/Desktop/matcher/Datasets/Urban8k/audio/fold8/39967-9-0-44.wav,street_music
/Users/jerryabuayoub/Desktop/matcher/Datasets/Urban8k/audio/fold8/39967-9-0-56.wav,street_music
/Users/jerryabuayoub/Desktop/matcher/Datasets/Urban8k/audio/fold8/39967-9-0-78.wav,street_music
/Users/jerryabuayoub/Desktop/matcher/Datasets/Urban8k/audio/fold8/39967-9-0-99.wav,street_music
/Users/jerryabuayoub/Desktop/matcher/Datasets/Urban8k/audio/fold4/39968-9-0-144.wav,street_music
/Users/jerryabuayoub/Desktop/matcher/Datasets/Urban8k/audio/fold4/39968-9-0-173.wav,street_music
/Users/jerryabuayoub/Desktop/matcher/Datasets/Urban8k/audio/fold4/39968-9-0-181.wav,street_music
/Users/jerryabuayoub/Desktop/matcher/Datasets/Urban8k/audio/fold4/39968-9-0-227.wav,street_music
/Users/jerryabuayoub/Desktop/matcher/Datasets/Urban8k/audio/fold4/39968-9-0-69.wav,street_music
/Users/jerryabuayoub/Desktop/matcher/Datasets/Urban8k/audio/fold4/39968-9-0-81.wav,street_music
/Users/jerryabuayoub/Desktop/matcher/Datasets/Urban8k/audio/fold2/39970-9-0-108.wav,street_music
/Users/jerryabuayoub/Desktop/matcher/Datasets/Urban8k/audio/fold2/39970-9-0-142.wav,street_music
/Users/jerryabuayoub/Desktop/matcher/Datasets/Urban8k/audio/fold2/39970-9-0-41.wav,street_music
/Users/jerryabuayoub/Desktop/matcher/Datasets/Urban8k/audio/fold2/39970-9-0-46.wav,street_music
/Users/jerryabuayoub/Desktop/matcher/Datasets/Urban8k/audio/fold2/39970-9-0-54.wav,street_music
/Users/jerryabuayoub/Desktop/matcher/Datasets/Urban8k/audio/fold2/39970-9-0-98.wav,street_music
/Users/jerryabuayoub/Desktop/matcher/Datasets/Urban8k/audio/fold8/41364-9-0-11.wav,street_music
/Users/jerryabuayoub/Desktop/matcher/Datasets/Urban8k/audio/fold8/41364-9-0-18.wav,street_music
/Users/jerryabuayoub/Desktop/matcher/Datasets/Urban8k/audio/fold8/41364-9-0-22.wav,street_music
/Users/jerryabuayoub/Desktop/matcher/Datasets/Urban8k/audio/fold8/41364-9-0-23.wav,street_music
/Users/jerryabuayoub/Desktop/matcher/Datasets/Urban8k/audio/fold8/41364-9-0-24.wav,street_music
/Users/jerryabuayoub/Desktop/matcher/Datasets/Urban8k/audio/fold8/41364-9-0-27.wav,street_music
/Users/jerryabuayoub/Desktop/matcher/Datasets/Urban8k/audio/fold9/42953-9-0-16.wav,street_music
/Users/jerryabuayoub/Desktop/matcher/Datasets/Urban8k/audio/fold9/42953-9-0-21.wav,street_music
/Users/jerryabuayoub/Desktop/matcher/Datasets/Urban8k/audio/fold9/42953-9-0-28.wav,street_music
/Users/jerryabuayoub/Desktop/matcher/Datasets/Urban8k/audio/fold9/42953-9-0-37.wav,street_music
/Users/jerryabuayoub/Desktop/matcher/Datasets/Urban8k/audio/fold9/42953-9-0-49.wav,street_music
/Users/jerryabuayoub/Desktop/matcher/Datasets/Urban8k/audio/fold9/42953-9-0-50.wav,street_music
/Users/jerryabuayoub/Desktop/matcher/Datasets/Urban8k/audio/fold4/42954-9-0-12.wav,street_music
/Users/jerryabuayoub/Desktop/matcher/Datasets/Urban8k/audio/fold4/42954-9-0-18.wav,street_music
/Users/jerryabuayoub/Desktop/matcher/Datasets/Urban8k/audio/fold4/42954-9-0-2.wav,street_music
/Users/jerryabuayoub/Desktop/matcher/Datasets/Urban8k/audio/fold4/42954-9-0-20.wav,street_music
/Users/jerryabuayoub/Desktop/matcher/Datasets/Urban8k/audio/fold4/42954-9-0-22.wav,street_music
/Users/jerryabuayoub/Desktop/matcher/Datasets/Urban8k/audio/fold4/42954-9-0-5.wav,street_music
/Users/jerryabuayoub/Desktop/matcher/Datasets/Urban8k/audio/fold6/42955-9-0-12.wav,street_music
/Users/jerryabuayoub/Desktop/matcher/Datasets/Urban8k/audio/fold6/42955-9-0-14.wav,street_music
/Users/jerryabuayoub/Desktop/matcher/Datasets/Urban8k/audio/fold6/42955-9-0-18.wav,street_music
/Users/jerryabuayoub/Desktop/matcher/Datasets/Urban8k/audio/fold6/42955-9-0-19.wav,street_music
/Users/jerryabuayoub/Desktop/matcher/Datasets/Urban8k/audio/fold6/42955-9-0-22.wav,street_music
/Users/jerryabuayoub/Desktop/matcher/Datasets/Urban8k/audio/fold6/44325-9-0-18.wav,street_music
/Users/jerryabuayoub/Desktop/matcher/Datasets/Urban8k/audio/fold6/44325-9-0-21.wav,street_music
/Users/jerryabuayoub/Desktop/matcher/Datasets/Urban8k/audio/fold6/44325-9-0-35.wav,street_music
/Users/jerryabuayoub/Desktop/matcher/Datasets/Urban8k/audio/fold6/44325-9-0-67.wav,street_music
/Users/jerryabuayoub/Desktop/matcher/Datasets/Urban8k/audio/fold6/44325-9-0-72.wav,street_music
/Users/jerryabuayoub/Desktop/matcher/Datasets/Urban8k/audio/fold6/44325-9-0-78.wav,street_music
/Users/jerryabuayoub/Desktop/matcher/Datasets/Urban8k/audio/fold3/49485-9-0-138.wav,street_music
/Users/jerryabuayoub/Desktop/matcher/Datasets/Urban8k/audio/fold3/49485-9-0-142.wav,street_music
/Users/jerryabuayoub/Desktop/matcher/Datasets/Urban8k/audio/fold3/49485-9-0-154.wav,street_music
/Users/jerryabuayoub/Desktop/matcher/Datasets/Urban8k/audio/fold3/49485-9-0-24.wav,street_music
/Users/jerryabuayoub/Desktop/matcher/Datasets/Urban8k/audio/fold3/49485-9-0-28.wav,street_music
/Users/jerryabuayoub/Desktop/matcher/Datasets/Urban8k/audio/fold3/49485-9-0-91.wav,street_music
/Users/jerryabuayoub/Desktop/matcher/Datasets/Urban8k/audio/fold9/52411-9-0-4.wav,street_music
/Users/jerryabuayoub/Desktop/matcher/Datasets/Urban8k/audio/fold9/52411-9-0-52.wav,street_music
/Users/jerryabuayoub/Desktop/matcher/Datasets/Urban8k/audio/fold9/52411-9-0-6.wav,street_music
/Users/jerryabuayoub/Desktop/matcher/Datasets/Urban8k/audio/fold9/52411-9-0-64.wav,street_music
/Users/jerryabuayoub/Desktop/matcher/Datasets/Urban8k/audio/fold9/52411-9-0-66.wav,street_music
/Users/jerryabuayoub/Desktop/matcher/Datasets/Urban8k/audio/fold9/52411-9-0-79.wav,street_music
/Users/jerryabuayoub/Desktop/matcher/Datasets/Urban8k/audio/fold4/54081-9-0-24.wav,street_music
/Users/jerryabuayoub/Desktop/matcher/Datasets/Urban8k/audio/fold4/54081-9-0-47.wav,street_music
/Users/jerryabuayoub/Desktop/matcher/Datasets/Urban8k/audio/fold4/54081-9-0-56.wav,street_music
/Users/jerryabuayoub/Desktop/matcher/Datasets/Urban8k/audio/fold4/54081-9-0-87.wav,street_music
/Users/jerryabuayoub/Desktop/matcher/Datasets/Urban8k/audio/fold4/54081-9-0-93.wav,street_music
/Users/jerryabuayoub/Desktop/matcher/Datasets/Urban8k/audio/fold4/55728-9-0-14.wav,street_music
/Users/jerryabuayoub/Desktop/matcher/Datasets/Urban8k/audio/fold4/55728-9-0-28.wav,street_music
/Users/jerryabuayoub/Desktop/matcher/Datasets/Urban8k/audio/fold4/55728-9-0-30.wav,street_music
/Users/jerryabuayoub/Desktop/matcher/Datasets/Urban8k/audio/fold4/55728-9-0-34.wav,street_music
/Users/jerryabuayoub/Desktop/matcher/Datasets/Urban8k/audio/fold4/55728-9-0-67.wav,street_music
/Users/jerryabuayoub/Desktop/matcher/Datasets/Urban8k/audio/fold4/55728-9-0-8.wav,street_music
/Users/jerryabuayoub/Desktop/matcher/Datasets/Urban8k/audio/fold2/60605-9-0-34.wav,street_music
/Users/jerryabuayoub/Desktop/matcher/Datasets/Urban8k/audio/fold2/60605-9-0-52.wav,street_music
/Users/jerryabuayoub/Desktop/matcher/Datasets/Urban8k/audio/fold2/60605-9-0-64.wav,street_music
/Users/jerryabuayoub/Desktop/matcher/Datasets/Urban8k/audio/fold2/60605-9-0-73.wav,street_music
/Users/jerryabuayoub/Desktop/matcher/Datasets/Urban8k/audio/fold2/60605-9-0-90.wav,street_music
/Users/jerryabuayoub/Desktop/matcher/Datasets/Urban8k/audio/fold2/60605-9-0-95.wav,street_music
/Users/jerryabuayoub/Desktop/matcher/Datasets/Urban8k/audio/fold4/60608-9-0-0.wav,street_music
/Users/jerryabuayoub/Desktop/matcher/Datasets/Urban8k/audio/fold4/60608-9-0-1.wav,street_music
/Users/jerryabuayoub/Desktop/matcher/Datasets/Urban8k/audio/fold4/60608-9-0-2.wav,street_music
/Users/jerryabuayoub/Desktop/matcher/Datasets/Urban8k/audio/fold4/60608-9-0-3.wav,street_music
/Users/jerryabuayoub/Desktop/matcher/Datasets/Urban8k/audio/fold4/60608-9-0-4.wav,street_music
/Users/jerryabuayoub/Desktop/matcher/Datasets/Urban8k/audio/fold4/60608-9-0-5.wav,street_music
/Users/jerryabuayoub/Desktop/matcher/Datasets/Urban8k/audio/fold4/61626-9-0-10.wav,street_music
/Users/jerryabuayoub/Desktop/matcher/Datasets/Urban8k/audio/fold4/61626-9-0-12.wav,street_music
/Users/jerryabuayoub/Desktop/matcher/Datasets/Urban8k/audio/fold4/61626-9-0-2.wav,street_music
/Users/jerryabuayoub/Desktop/matcher/Datasets/Urban8k/audio/fold4/61626-9-0-3.wav,street_music
/Users/jerryabuayoub/Desktop/matcher/Datasets/Urban8k/audio/fold4/61626-9-0-6.wav,street_music
/Users/jerryabuayoub/Desktop/matcher/Datasets/Urban8k/audio/fold4/61626-9-0-7.wav,street_music
/Users/jerryabuayoub/Desktop/matcher/Datasets/Urban8k/audio/fold7/61789-9-0-10.wav,street_music
/Users/jerryabuayoub/Desktop/matcher/Datasets/Urban8k/audio/fold7/61789-9-0-12.wav,street_music
/Users/jerryabuayoub/Desktop/matcher/Datasets/Urban8k/audio/fold7/61789-9-0-14.wav,street_music
/Users/jerryabuayoub/Desktop/matcher/Datasets/Urban8k/audio/fold7/61789-9-0-16.wav,street_music
/Users/jerryabuayoub/Desktop/matcher/Datasets/Urban8k/audio/fold7/61789-9-0-26.wav,street_music
/Users/jerryabuayoub/Desktop/matcher/Datasets/Urban8k/audio/fold7/61789-9-0-65.wav,street_music
/Users/jerryabuayoub/Desktop/matcher/Datasets/Urban8k/audio/fold7/61789-9-0-69.wav,street_music
/Users/jerryabuayoub/Desktop/matcher/Datasets/Urban8k/audio/fold4/61790-9-0-10.wav,street_music
/Users/jerryabuayoub/Desktop/matcher/Datasets/Urban8k/audio/fold4/61790-9-0-15.wav,street_music
/Users/jerryabuayoub/Desktop/matcher/Datasets/Urban8k/audio/fold4/61790-9-0-16.wav,street_music
/Users/jerryabuayoub/Desktop/matcher/Datasets/Urban8k/audio/fold4/61790-9-0-20.wav,street_music
/Users/jerryabuayoub/Desktop/matcher/Datasets/Urban8k/audio/fold4/61790-9-1-1.wav,street_music
/Users/jerryabuayoub/Desktop/matcher/Datasets/Urban8k/audio/fold4/61790-9-1-20.wav,street_music
/Users/jerryabuayoub/Desktop/matcher/Datasets/Urban8k/audio/fold3/61791-9-1-1.wav,street_music
/Users/jerryabuayoub/Desktop/matcher/Datasets/Urban8k/audio/fold3/61791-9-1-40.wav,street_music
/Users/jerryabuayoub/Desktop/matcher/Datasets/Urban8k/audio/fold3/61791-9-1-41.wav,street_music
/Users/jerryabuayoub/Desktop/matcher/Datasets/Urban8k/audio/fold3/61791-9-1-42.wav,street_music
/Users/jerryabuayoub/Desktop/matcher/Datasets/Urban8k/audio/fold3/61791-9-1-44.wav,street_music
/Users/jerryabuayoub/Desktop/matcher/Datasets/Urban8k/audio/fold3/61791-9-1-46.wav,street_music
/Users/jerryabuayoub/Desktop/matcher/Datasets/Urban8k/audio/fold5/6508-9-0-1.wav,street_music
/Users/jerryabuayoub/Desktop/matcher/Datasets/Urban8k/audio/fold5/6508-9-0-2.wav,street_music
/Users/jerryabuayoub/Desktop/matcher/Datasets/Urban8k/audio/fold5/6508-9-0-3.wav,street_music
/Users/jerryabuayoub/Desktop/matcher/Datasets/Urban8k/audio/fold5/6508-9-0-4.wav,street_music
/Users/jerryabuayoub/Desktop/matcher/Datasets/Urban8k/audio/fold5/6508-9-0-6.wav,street_music
/Users/jerryabuayoub/Desktop/matcher/Datasets/Urban8k/audio/fold5/6508-9-1-0.wav,street_music
/Users/jerryabuayoub/Desktop/matcher/Datasets/Urban8k/audio/fold6/66000-9-0-0.wav,street_music
/Users/jerryabuayoub/Desktop/matcher/Datasets/Urban8k/audio/fold6/66000-9-0-1.wav,street_music
/Users/jerryabuayoub/Desktop/matcher/Datasets/Urban8k/audio/fold6/66000-9-0-2.wav,street_music
/Users/jerryabuayoub/Desktop/matcher/Datasets/Urban8k/audio/fold6/66000-9-0-3.wav,street_music
/Users/jerryabuayoub/Desktop/matcher/Datasets/Urban8k/audio/fold6/66000-9-0-6.wav,street_music
/Users/jerryabuayoub/Desktop/matcher/Datasets/Urban8k/audio/fold6/66000-9-0-8.wav,street_music
/Users/jerryabuayoub/Desktop/matcher/Datasets/Urban8k/audio/fold8/66324-9-0-19.wav,street_music
/Users/jerryabuayoub/Desktop/matcher/Datasets/Urban8k/audio/fold8/66324-9-0-30.wav,street_music
/Users/jerryabuayoub/Desktop/matcher/Datasets/Urban8k/audio/fold8/66324-9-0-4.wav,street_music
/Users/jerryabuayoub/Desktop/matcher/Datasets/Urban8k/audio/fold8/66324-9-0-42.wav,street_music
/Users/jerryabuayoub/Desktop/matcher/Datasets/Urban8k/audio/fold8/66324-9-0-53.wav,street_music
/Users/jerryabuayoub/Desktop/matcher/Datasets/Urban8k/audio/fold8/66324-9-0-54.wav,street_music
/Users/jerryabuayoub/Desktop/matcher/Datasets/Urban8k/audio/fold8/66599-9-0-11.wav,street_music
/Users/jerryabuayoub/Desktop/matcher/Datasets/Urban8k/audio/fold8/66599-9-0-17.wav,street_music
/Users/jerryabuayoub/Desktop/matcher/Datasets/Urban8k/audio/fold8/66599-9-1-11.wav,street_music
/Users/jerryabuayoub/Desktop/matcher/Datasets/Urban8k/audio/fold8/66599-9-1-21.wav,street_music
/Users/jerryabuayoub/Desktop/matcher/Datasets/Urban8k/audio/fold8/66599-9-1-23.wav,street_music
/Users/jerryabuayoub/Desktop/matcher/Datasets/Urban8k/audio/fold8/66599-9-1-4.wav,street_music
/Users/jerryabuayoub/Desktop/matcher/Datasets/Urban8k/audio/fold1/69304-9-0-0.wav,street_music
/Users/jerryabuayoub/Desktop/matcher/Datasets/Urban8k/audio/fold1/69304-9-0-12.wav,street_music
/Users/jerryabuayoub/Desktop/matcher/Datasets/Urban8k/audio/fold1/69304-9-0-14.wav,street_music
/Users/jerryabuayoub/Desktop/matcher/Datasets/Urban8k/audio/fold1/69304-9-0-15.wav,street_music
/Users/jerryabuayoub/Desktop/matcher/Datasets/Urban8k/audio/fold1/69304-9-0-6.wav,street_music
/Users/jerryabuayoub/Desktop/matcher/Datasets/Urban8k/audio/fold1/69304-9-0-7.wav,street_music
/Users/jerryabuayoub/Desktop/matcher/Datasets/Urban8k/audio/fold7/71866-9-0-14.wav,street_music
/Users/jerryabuayoub/Desktop/matcher/Datasets/Urban8k/audio/fold7/71866-9-0-21.wav,street_music
/Users/jerryabuayoub/Desktop/matcher/Datasets/Urban8k/audio/fold7/71866-9-0-23.wav,street_music
/Users/jerryabuayoub/Desktop/matcher/Datasets/Urban8k/audio/fold7/71866-9-0-3.wav,street_music
/Users/jerryabuayoub/Desktop/matcher/Datasets/Urban8k/audio/fold7/71866-9-0-31.wav,street_music
/Users/jerryabuayoub/Desktop/matcher/Datasets/Urban8k/audio/fold7/71866-9-0-32.wav,street_music
/Users/jerryabuayoub/Desktop/matcher/Datasets/Urban8k/audio/fold1/73277-9-0-0.wav,street_music
/Users/jerryabuayoub/Desktop/matcher/Datasets/Urban8k/audio/fold1/73277-9-0-16.wav,street_music
/Users/jerryabuayoub/Desktop/matcher/Datasets/Urban8k/audio/fold1/73277-9-0-17.wav,street_music
/Users/jerryabuayoub/Desktop/matcher/Datasets/Urban8k/audio/fold1/73277-9-0-19.wav,street_music
/Users/jerryabuayoub/Desktop/matcher/Datasets/Urban8k/audio/fold1/73277-9-0-24.wav,street_music
/Users/jerryabuayoub/Desktop/matcher/Datasets/Urban8k/audio/fold1/73277-9-0-28.wav,street_music
/Users/jerryabuayoub/Desktop/matcher/Datasets/Urban8k/audio/fold8/7390-9-0-0.wav,street_music
/Users/jerryabuayoub/Desktop/matcher/Datasets/Urban8k/audio/fold8/7390-9-0-3.wav,street_music
/Users/jerryabuayoub/Desktop/matcher/Datasets/Urban8k/audio/fold8/7390-9-0-6.wav,street_music
/Users/jerryabuayoub/Desktop/matcher/Datasets/Urban8k/audio/fold8/7390-9-0-9.wav,street_music
/Users/jerryabuayoub/Desktop/matcher/Datasets/Urban8k/audio/fold8/7390-9-1-11.wav,street_music
/Users/jerryabuayoub/Desktop/matcher/Datasets/Urban8k/audio/fold8/7390-9-1-12.wav,street_music
/Users/jerryabuayoub/Desktop/matcher/Datasets/Urban8k/audio/fold8/7390-9-1-5.wav,street_music
/Users/jerryabuayoub/Desktop/matcher/Datasets/Urban8k/audio/fold2/74226-9-0-0.wav,street_music
/Users/jerryabuayoub/Desktop/matcher/Datasets/Urban8k/audio/fold2/74226-9-0-10.wav,street_music
/Users/jerryabuayoub/Desktop/matcher/Datasets/Urban8k/audio/fold2/74226-9-0-13.wav,street_music
/Users/jerryabuayoub/Desktop/matcher/Datasets/Urban8k/audio/fold2/74226-9-0-14.wav,street_music
/Users/jerryabuayoub/Desktop/matcher/Datasets/Urban8k/audio/fold2/74226-9-0-21.wav,street_music
/Users/jerryabuayoub/Desktop/matcher/Datasets/Urban8k/audio/fold2/74226-9-0-6.wav,street_music
/Users/jerryabuayoub/Desktop/matcher/Datasets/Urban8k/audio/fold2/74226-9-0-7.wav,street_music
/Users/jerryabuayoub/Desktop/matcher/Datasets/Urban8k/audio/fold2/74458-9-0-5.wav,street_music
/Users/jerryabuayoub/Desktop/matcher/Datasets/Urban8k/audio/fold2/74458-9-0-7.wav,street_music
/Users/jerryabuayoub/Desktop/matcher/Datasets/Urban8k/audio/fold2/74458-9-1-12.wav,street_music
/Users/jerryabuayoub/Desktop/matcher/Datasets/Urban8k/audio/fold2/74458-9-1-13.wav,street_music
/Users/jerryabuayoub/Desktop/matcher/Datasets/Urban8k/audio/fold2/74458-9-1-5.wav,street_music
/Users/jerryabuayoub/Desktop/matcher/Datasets/Urban8k/audio/fold2/74458-9-2-18.wav,street_music
/Users/jerryabuayoub/Desktop/matcher/Datasets/Urban8k/audio/fold3/74810-9-0-27.wav,street_music
/Users/jerryabuayoub/Desktop/matcher/Datasets/Urban8k/audio/fold3/74810-9-0-32.wav,street_music
/Users/jerryabuayoub/Desktop/matcher/Datasets/Urban8k/audio/fold3/74810-9-0-5.wav,street_music
/Users/jerryabuayoub/Desktop/matcher/Datasets/Urban8k/audio/fold3/74810-9-1-12.wav,street_music
/Users/jerryabuayoub/Desktop/matcher/Datasets/Urban8k/audio/fold3/74810-9-1-5.wav,street_music
/Users/jerryabuayoub/Desktop/matcher/Datasets/Urban8k/audio/fold7/74850-9-0-11.wav,street_music
/Users/jerryabuayoub/Desktop/matcher/Datasets/Urban8k/audio/fold7/74850-9-0-18.wav,street_music
/Users/jerryabuayoub/Desktop/matcher/Datasets/Urban8k/audio/fold7/74850-9-0-22.wav,street_music
/Users/jerryabuayoub/Desktop/matcher/Datasets/Urban8k/audio/fold7/74850-9-0-27.wav,street_music
/Users/jerryabuayoub/Desktop/matcher/Datasets/Urban8k/audio/fold7/74850-9-0-5.wav,street_music
/Users/jerryabuayoub/Desktop/matcher/Datasets/Urban8k/audio/fold7/74850-9-0-6.wav,street_music
/Users/jerryabuayoub/Desktop/matcher/Datasets/Urban8k/audio/fold4/76568-9-0-10.wav,street_music
/Users/jerryabuayoub/Desktop/matcher/Datasets/Urban8k/audio/fold4/76568-9-0-11.wav,street_music
/Users/jerryabuayoub/Desktop/matcher/Datasets/Urban8k/audio/fold4/76568-9-0-12.wav,street_music
/Users/jerryabuayoub/Desktop/matcher/Datasets/Urban8k/audio/fold4/76568-9-0-13.wav,street_music
/Users/jerryabuayoub/Desktop/matcher/Datasets/Urban8k/audio/fold4/76568-9-0-14.wav,street_music
/Users/jerryabuayoub/Desktop/matcher/Datasets/Urban8k/audio/fold4/76568-9-0-2.wav,street_music
/Users/jerryabuayoub/Desktop/matcher/Datasets/Urban8k/audio/fold4/76585-9-0-10.wav,street_music
/Users/jerryabuayoub/Desktop/matcher/Datasets/Urban8k/audio/fold4/76585-9-0-38.wav,street_music
/Users/jerryabuayoub/Desktop/matcher/Datasets/Urban8k/audio/fold4/76585-9-0-5.wav,street_music
/Users/jerryabuayoub/Desktop/matcher/Datasets/Urban8k/audio/fold4/76585-9-0-57.wav,street_music
/Users/jerryabuayoub/Desktop/matcher/Datasets/Urban8k/audio/fold4/76585-9-0-60.wav,street_music
/Users/jerryabuayoub/Desktop/matcher/Datasets/Urban8k/audio/fold4/76585-9-0-69.wav,street_music
/Users/jerryabuayoub/Desktop/matcher/Datasets/Urban8k/audio/fold1/77766-9-0-0.wav,street_music
/Users/jerryabuayoub/Desktop/matcher/Datasets/Urban8k/audio/fold1/77766-9-0-3.wav,street_music
/Users/jerryabuayoub/Desktop/matcher/Datasets/Urban8k/audio/fold1/77766-9-0-4.wav,street_music
/Users/jerryabuayoub/Desktop/matcher/Datasets/Urban8k/audio/fold1/77766-9-0-5.wav,street_music
/Users/jerryabuayoub/Desktop/matcher/Datasets/Urban8k/audio/fold1/77766-9-0-6.wav,street_music
/Users/jerryabuayoub/Desktop/matcher/Datasets/Urban8k/audio/fold1/77766-9-0-7.wav,street_music
/Users/jerryabuayoub/Desktop/matcher/Datasets/Urban8k/audio/fold3/77769-9-0-0.wav,street_music
/Users/jerryabuayoub/Desktop/matcher/Datasets/Urban8k/audio/fold3/77769-9-0-12.wav,street_music
/Users/jerryabuayoub/Desktop/matcher/Datasets/Urban8k/audio/fold3/77769-9-0-17.wav,street_music
/Users/jerryabuayoub/Desktop/matcher/Datasets/Urban8k/audio/fold3/77769-9-0-2.wav,street_music
/Users/jerryabuayoub/Desktop/matcher/Datasets/Urban8k/audio/fold3/77769-9-0-4.wav,street_music
/Users/jerryabuayoub/Desktop/matcher/Datasets/Urban8k/audio/fold3/77769-9-0-8.wav,street_music
/Users/jerryabuayoub/Desktop/matcher/Datasets/Urban8k/audio/fold7/77770-9-0-1.wav,street_music
/Users/jerryabuayoub/Desktop/matcher/Datasets/Urban8k/audio/fold7/77770-9-0-15.wav,street_music
/Users/jerryabuayoub/Desktop/matcher/Datasets/Urban8k/audio/fold7/77770-9-0-17.wav,street_music
/Users/jerryabuayoub/Desktop/matcher/Datasets/Urban8k/audio/fold7/77770-9-0-20.wav,street_music
/Users/jerryabuayoub/Desktop/matcher/Datasets/Urban8k/audio/fold7/77770-9-0-6.wav,street_music
/Users/jerryabuayoub/Desktop/matcher/Datasets/Urban8k/audio/fold7/77770-9-0-8.wav,street_music
/Users/jerryabuayoub/Desktop/matcher/Datasets/Urban8k/audio/fold7/77770-9-0-9.wav,street_music
/Users/jerryabuayoub/Desktop/matcher/Datasets/Urban8k/audio/fold10/77901-9-0-0.wav,street_music
/Users/jerryabuayoub/Desktop/matcher/Datasets/Urban8k/audio/fold10/77901-9-0-1.wav,street_music
/Users/jerryabuayoub/Desktop/matcher/Datasets/Urban8k/audio/fold10/77901-9-0-2.wav,street_music
/Users/jerryabuayoub/Desktop/matcher/Datasets/Urban8k/audio/fold10/77901-9-0-3.wav,street_music
/Users/jerryabuayoub/Desktop/matcher/Datasets/Urban8k/audio/fold10/77901-9-0-4.wav,street_music
/Users/jerryabuayoub/Desktop/matcher/Datasets/Urban8k/audio/fold10/77901-9-0-6.wav,street_music
/Users/jerryabuayoub/Desktop/matcher/Datasets/Urban8k/audio/fold10/77901-9-0-7.wav,street_music
/Users/jerryabuayoub/Desktop/matcher/Datasets/Urban8k/audio/fold3/78326-9-0-0.wav,street_music
/Users/jerryabuayoub/Desktop/matcher/Datasets/Urban8k/audio/fold3/78326-9-0-1.wav,street_music
/Users/jerryabuayoub/Desktop/matcher/Datasets/Urban8k/audio/fold3/78326-9-0-3.wav,street_music
/Users/jerryabuayoub/Desktop/matcher/Datasets/Urban8k/audio/fold3/78326-9-0-5.wav,street_music
/Users/jerryabuayoub/Desktop/matcher/Datasets/Urban8k/audio/fold3/78326-9-0-6.wav,street_music
/Users/jerryabuayoub/Desktop/matcher/Datasets/Urban8k/audio/fold3/78326-9-0-7.wav,street_music
/Users/jerryabuayoub/Desktop/matcher/Datasets/Urban8k/audio/fold2/79377-9-0-10.wav,street_music
/Users/jerryabuayoub/Desktop/matcher/Datasets/Urban8k/audio/fold2/79377-9-0-12.wav,street_music
/Users/jerryabuayoub/Desktop/matcher/Datasets/Urban8k/audio/fold2/79377-9-0-13.wav,street_music
/Users/jerryabuayoub/Desktop/matcher/Datasets/Urban8k/audio/fold2/79377-9-0-2.wav,street_music
/Users/jerryabuayoub/Desktop/matcher/Datasets/Urban8k/audio/fold2/79377-9-0-4.wav,street_music
/Users/jerryabuayoub/Desktop/matcher/Datasets/Urban8k/audio/fold2/79377-9-0-8.wav,street_music
/Users/jerryabuayoub/Desktop/matcher/Datasets/Urban8k/audio/fold10/83191-9-0-0.wav,street_music
/Users/jerryabuayoub/Desktop/matcher/Datasets/Urban8k/audio/fold10/83191-9-0-11.wav,street_music
/Users/jerryabuayoub/Desktop/matcher/Datasets/Urban8k/audio/fold10/83191-9-0-13.wav,street_music
/Users/jerryabuayoub/Desktop/matcher/Datasets/Urban8k/audio/fold10/83191-9-0-17.wav,street_music
/Users/jerryabuayoub/Desktop/matcher/Datasets/Urban8k/audio/fold10/83191-9-0-4.wav,street_music
/Users/jerryabuayoub/Desktop/matcher/Datasets/Urban8k/audio/fold10/83191-9-0-6.wav,street_music
/Users/jerryabuayoub/Desktop/matcher/Datasets/Urban8k/audio/fold10/83195-9-0-11.wav,street_music
/Users/jerryabuayoub/Desktop/matcher/Datasets/Urban8k/audio/fold10/83195-9-0-14.wav,street_music
/Users/jerryabuayoub/Desktop/matcher/Datasets/Urban8k/audio/fold10/83195-9-0-2.wav,street_music
/Users/jerryabuayoub/Desktop/matcher/Datasets/Urban8k/audio/fold10/83195-9-0-3.wav,street_music
/Users/jerryabuayoub/Desktop/matcher/Datasets/Urban8k/audio/fold10/83195-9-0-6.wav,street_music
/Users/jerryabuayoub/Desktop/matcher/Datasets/Urban8k/audio/fold10/83195-9-0-7.wav,street_music
/Users/jerryabuayoub/Desktop/matcher/Datasets/Urban8k/audio/fold5/83196-9-0-10.wav,street_music
/Users/jerryabuayoub/Desktop/matcher/Datasets/Urban8k/audio/fold5/83196-9-0-13.wav,street_music
/Users/jerryabuayoub/Desktop/matcher/Datasets/Urban8k/audio/fold5/83196-9-0-14.wav,street_music
/Users/jerryabuayoub/Desktop/matcher/Datasets/Urban8k/audio/fold5/83196-9-0-15.wav,street_music
/Users/jerryabuayoub/Desktop/matcher/Datasets/Urban8k/audio/fold5/83196-9-0-3.wav,street_music
/Users/jerryabuayoub/Desktop/matcher/Datasets/Urban8k/audio/fold5/83196-9-0-9.wav,street_music
/Users/jerryabuayoub/Desktop/matcher/Datasets/Urban8k/audio/fold1/83199-9-0-0.wav,street_music
/Users/jerryabuayoub/Desktop/matcher/Datasets/Urban8k/audio/fold10/84249-9-0-10.wav,street_music
/Users/jerryabuayoub/Desktop/matcher/Datasets/Urban8k/audio/fold10/84249-9-0-11.wav,street_music
/Users/jerryabuayoub/Desktop/matcher/Datasets/Urban8k/audio/fold10/84249-9-0-3.wav,street_music
/Users/jerryabuayoub/Desktop/matcher/Datasets/Urban8k/audio/fold10/84249-9-0-6.wav,street_music
/Users/jerryabuayoub/Desktop/matcher/Datasets/Urban8k/audio/fold10/84249-9-0-7.wav,street_music
/Users/jerryabuayoub/Desktop/matcher/Datasets/Urban8k/audio/fold10/84249-9-0-8.wav,street_music
/Users/jerryabuayoub/Desktop/matcher/Datasets/Urban8k/audio/fold6/89442-9-0-14.wav,street_music
/Users/jerryabuayoub/Desktop/matcher/Datasets/Urban8k/audio/fold6/89442-9-0-17.wav,street_music
/Users/jerryabuayoub/Desktop/matcher/Datasets/Urban8k/audio/fold6/89442-9-0-34.wav,street_music
/Users/jerryabuayoub/Desktop/matcher/Datasets/Urban8k/audio/fold6/89442-9-0-5.wav,street_music
/Users/jerryabuayoub/Desktop/matcher/Datasets/Urban8k/audio/fold6/89442-9-0-6.wav,street_music
/Users/jerryabuayoub/Desktop/matcher/Datasets/Urban8k/audio/fold6/89442-9-0-7.wav,street_music
/Users/jerryabuayoub/Desktop/matcher/Datasets/Urban8k/audio/fold7/89443-9-0-1.wav,street_music
/Users/jerryabuayoub/Desktop/matcher/Datasets/Urban8k/audio/fold7/89443-9-0-16.wav,street_music
/Users/jerryabuayoub/Desktop/matcher/Datasets/Urban8k/audio/fold7/89443-9-0-17.wav,street_music
/Users/jerryabuayoub/Desktop/matcher/Datasets/Urban8k/audio/fold7/89443-9-0-2.wav,street_music
/Users/jerryabuayoub/Desktop/matcher/Datasets/Urban8k/audio/fold7/89443-9-0-48.wav,street_music
/Users/jerryabuayoub/Desktop/matcher/Datasets/Urban8k/audio/fold7/89443-9-0-50.wav,street_music
/Users/jerryabuayoub/Desktop/matcher/Datasets/Urban8k/audio/fold3/93065-9-0-12.wav,street_music
/Users/jerryabuayoub/Desktop/matcher/Datasets/Urban8k/audio/fold3/93065-9-0-14.wav,street_music
/Users/jerryabuayoub/Desktop/matcher/Datasets/Urban8k/audio/fold3/93065-9-0-17.wav,street_music
/Users/jerryabuayoub/Desktop/matcher/Datasets/Urban8k/audio/fold3/93065-9-0-2.wav,street_music
/Users/jerryabuayoub/Desktop/matcher/Datasets/Urban8k/audio/fold3/93065-9-0-4.wav,street_music
/Users/jerryabuayoub/Desktop/matcher/Datasets/Urban8k/audio/fold3/93065-9-0-7.wav,street_music
/Users/jerryabuayoub/Desktop/matcher/Datasets/Urban8k/audio/fold2/93193-9-0-4.wav,street_music
/Users/jerryabuayoub/Desktop/matcher/Datasets/Urban8k/audio/fold2/93193-9-1-11.wav,street_music
/Users/jerryabuayoub/Desktop/matcher/Datasets/Urban8k/audio/fold2/93193-9-1-18.wav,street_music
/Users/jerryabuayoub/Desktop/matcher/Datasets/Urban8k/audio/fold2/93193-9-1-19.wav,street_music
/Users/jerryabuayoub/Desktop/matcher/Datasets/Urban8k/audio/fold2/93193-9-1-22.wav,street_music
/Users/jerryabuayoub/Desktop/matcher/Datasets/Urban8k/audio/fold2/93193-9-1-6.wav,street_music
/Users/jerryabuayoub/Desktop/matcher/Datasets/Urban8k/audio/fold9/94182-9-0-0.wav,street_music
/Users/jerryabuayoub/Desktop/matcher/Datasets/Urban8k/audio/fold9/94182-9-0-10.wav,street_music
/Users/jerryabuayoub/Desktop/matcher/Datasets/Urban8k/audio/fold9/94182-9-0-16.wav,street_music
/Users/jerryabuayoub/Desktop/matcher/Datasets/Urban8k/audio/fold9/94182-9-0-20.wav,street_music
/Users/jerryabuayoub/Desktop/matcher/Datasets/Urban8k/audio/fold9/94182-9-0-23.wav,street_music
/Users/jerryabuayoub/Desktop/matcher/Datasets/Urban8k/audio/fold9/94182-9-0-25.wav,street_music
/Users/jerryabuayoub/Desktop/matcher/Datasets/Urban8k/audio/fold9/94182-9-0-9.wav,street_music
/Users/jerryabuayoub/Desktop/matcher/Datasets/Urban8k/audio/fold3/94631-9-0-12.wav,street_music
/Users/jerryabuayoub/Desktop/matcher/Datasets/Urban8k/audio/fold3/94631-9-0-16.wav,street_music
/Users/jerryabuayoub/Desktop/matcher/Datasets/Urban8k/audio/fold3/94631-9-1-16.wav,street_music
/Users/jerryabuayoub/Desktop/matcher/Datasets/Urban8k/audio/fold3/94631-9-1-2.wav,street_music
/Users/jerryabuayoub/Desktop/matcher/Datasets/Urban8k/audio/fold3/94631-9-1-25.wav,street_music
/Users/jerryabuayoub/Desktop/matcher/Datasets/Urban8k/audio/fold3/94631-9-1-3.wav,street_music
/Users/jerryabuayoub/Desktop/matcher/Datasets/Urban8k/audio/fold2/96169-9-1-10.wav,street_music
/Users/jerryabuayoub/Desktop/matcher/Datasets/Urban8k/audio/fold2/96169-9-1-3.wav,street_music
/Users/jerryabuayoub/Desktop/matcher/Datasets/Urban8k/audio/fold2/96169-9-1-49.wav,street_music
/Users/jerryabuayoub/Desktop/matcher/Datasets/Urban8k/audio/fold2/96169-9-1-55.wav,street_music
/Users/jerryabuayoub/Desktop/matcher/Datasets/Urban8k/audio/fold2/96169-9-1-61.wav,street_music
/Users/jerryabuayoub/Desktop/matcher/Datasets/Urban8k/audio/fold2/96169-9-1-74.wav,street_music
/Users/jerryabuayoub/Desktop/matcher/Datasets/Urban8k/audio/fold2/96475-9-0-0.wav,street_music
/Users/jerryabuayoub/Desktop/matcher/Datasets/Urban8k/audio/fold2/96475-9-0-3.wav,street_music
/Users/jerryabuayoub/Desktop/matcher/Datasets/Urban8k/audio/fold2/96475-9-0-4.wav,street_music
/Users/jerryabuayoub/Desktop/matcher/Datasets/Urban8k/audio/fold2/96475-9-0-5.wav,street_music
/Users/jerryabuayoub/Desktop/matcher/Datasets/Urban8k/audio/fold2/96475-9-0-6.wav,street_music
/Users/jerryabuayoub/Desktop/matcher/Datasets/Urban8k/audio/fold2/96475-9-0-9.wav,street_music
/Users/jerryabuayoub/Desktop/matcher/Datasets/Urban8k/audio/fold2/96920-9-0-0.wav,street_music
/Users/jerryabuayoub/Desktop/matcher/Datasets/Urban8k/audio/fold2/96920-9-0-11.wav,street_music
/Users/jerryabuayoub/Desktop/matcher/Datasets/Urban8k/audio/fold2/96920-9-0-13.wav,street_music
/Users/jerryabuayoub/Desktop/matcher/Datasets/Urban8k/audio/fold2/96920-9-0-2.wav,street_music
/Users/jerryabuayoub/Desktop/matcher/Datasets/Urban8k/audio/fold2/96920-9-0-3.wav,street_music
/Users/jerryabuayoub/Desktop/matcher/Datasets/Urban8k/audio/fold2/96920-9-0-8.wav,street_music
/Users/jerryabuayoub/Desktop/matcher/Datasets/Urban8k/audio/fold9/96921-9-0-1.wav,street_music
/Users/jerryabuayoub/Desktop/matcher/Datasets/Urban8k/audio/fold9/96921-9-0-11.wav,street_music
/Users/jerryabuayoub/Desktop/matcher/Datasets/Urban8k/audio/fold9/96921-9-0-17.wav,street_music
/Users/jerryabuayoub/Desktop/matcher/Datasets/Urban8k/audio/fold9/96921-9-0-18.wav,street_music
/Users/jerryabuayoub/Desktop/matcher/Datasets/Urban8k/audio/fold9/96921-9-0-4.wav,street_music
/Users/jerryabuayoub/Desktop/matcher/Datasets/Urban8k/audio/fold9/96921-9-0-9.wav,street_music
/Users/jerryabuayoub/Desktop/matcher/Datasets/Urban8k/audio/fold2/98202-9-0-10.wav,street_music
/Users/jerryabuayoub/Desktop/matcher/Datasets/Urban8k/audio/fold2/98202-9-0-4.wav,street_music
/Users/jerryabuayoub/Desktop/matcher/Datasets/Urban8k/audio/fold2/98202-9-0-7.wav,street_music
/Users/jerryabuayoub/Desktop/matcher/Datasets/Urban8k/audio/fold2/98202-9-1-20.wav,street_music
/Users/jerryabuayoub/Desktop/matcher/Datasets/Urban8k/audio/fold2/98202-9-1-27.wav,street_music
/Users/jerryabuayoub/Desktop/matcher/Datasets/Urban8k/audio/fold2/98202-9-1-5.wav,street_music
/Users/jerryabuayoub/Desktop/matcher/Datasets/Urban8k/audio/fold6/98263-9-0-1.wav,street_music
/Users/jerryabuayoub/Desktop/matcher/Datasets/Urban8k/audio/fold6/98263-9-0-10.wav,street_music
/Users/jerryabuayoub/Desktop/matcher/Datasets/Urban8k/audio/fold6/98263-9-0-22.wav,street_music
/Users/jerryabuayoub/Desktop/matcher/Datasets/Urban8k/audio/fold6/98263-9-0-24.wav,street_music
/Users/jerryabuayoub/Desktop/matcher/Datasets/Urban8k/audio/fold6/98263-9-0-33.wav,street_music
/Users/jerryabuayoub/Desktop/matcher/Datasets/Urban8k/audio/fold6/98263-9-0-35.wav,street_music
/Users/jerryabuayoub/Desktop/matcher/Datasets/Urban8k/audio/fold6/98680-9-0-11.wav,street_music
/Users/jerryabuayoub/Desktop/matcher/Datasets/Urban8k/audio/fold6/98680-9-0-14.wav,street_music
/Users/jerryabuayoub/Desktop/matcher/Datasets/Urban8k/audio/fold6/98680-9-0-2.wav,street_music
/Users/jerryabuayoub/Desktop/matcher/Datasets/Urban8k/audio/fold6/98680-9-0-3.wav,street_music
/Users/jerryabuayoub/Desktop/matcher/Datasets/Urban8k/audio/fold6/98680-9-0-5.wav,street_music
/Users/jerryabuayoub/Desktop/matcher/Datasets/Urban8k/audio/fold3/98681-9-0-0.wav,street_music
/Users/jerryabuayoub/Desktop/matcher/Datasets/Urban8k/audio/fold3/98681-9-0-11.wav,street_music
/Users/jerryabuayoub/Desktop/matcher/Datasets/Urban8k/audio/fold3/98681-9-0-12.wav,street_music
/Users/jerryabuayoub/Desktop/matcher/Datasets/Urban8k/audio/fold3/98681-9-0-5.wav,street_music
/Users/jerryabuayoub/Desktop/matcher/Datasets/Urban8k/audio/fold3/98681-9-0-6.wav,street_music
/Users/jerryabuayoub/Desktop/matcher/Datasets/Urban8k/audio/fold3/98681-9-0-7.wav,street_music
/Users/jerryabuayoub/Desktop/matcher/Datasets/Urban8k/audio/fold4/99157-9-0-10.wav,street_music
/Users/jerryabuayoub/Desktop/matcher/Datasets/Urban8k/audio/fold4/99157-9-0-15.wav,street_music
/Users/jerryabuayoub/Desktop/matcher/Datasets/Urban8k/audio/fold4/99157-9-0-16.wav,street_music
/Users/jerryabuayoub/Desktop/matcher/Datasets/Urban8k/audio/fold4/99157-9-0-22.wav,street_music
/Users/jerryabuayoub/Desktop/matcher/Datasets/Urban8k/audio/fold4/99157-9-0-24.wav,street_music
/Users/jerryabuayoub/Desktop/matcher/Datasets/Urban8k/audio/fold4/99157-9-0-31.wav,street_music
/Users/jerryabuayoub/Desktop/matcher/Datasets/Urban8k/audio/fold8/99179-9-0-12.wav,street_music
/Users/jerryabuayoub/Desktop/matcher/Datasets/Urban8k/audio/fold8/99179-9-0-17.wav,street_music
/Users/jerryabuayoub/Desktop/matcher/Datasets/Urban8k/audio/fold8/99179-9-0-19.wav,street_music
/Users/jerryabuayoub/Desktop/matcher/Datasets/Urban8k/audio/fold8/99179-9-0-38.wav,street_music
/Users/jerryabuayoub/Desktop/matcher/Datasets/Urban8k/audio/fold8/99179-9-0-53.wav,street_music
/Users/jerryabuayoub/Desktop/matcher/Datasets/Urban8k/audio/fold8/99179-9-0-58.wav,street_music
/Users/jerryabuayoub/Desktop/matcher/Datasets/Urban8k/audio/fold1/99180-9-0-0.wav,street_music
/Users/jerryabuayoub/Desktop/matcher/Datasets/Urban8k/audio/fold1/99180-9-0-2.wav,street_music
/Users/jerryabuayoub/Desktop/matcher/Datasets/Urban8k/audio/fold1/99180-9-0-36.wav,street_music
/Users/jerryabuayoub/Desktop/matcher/Datasets/Urban8k/audio/fold1/99180-9-0-48.wav,street_music
/Users/jerryabuayoub/Desktop/matcher/Datasets/Urban8k/audio/fold1/99180-9-0-49.wav,street_music
/Users/jerryabuayoub/Desktop/matcher/Datasets/Urban8k/audio/fold1/99180-9-0-7.wav,street_music
/Users/jerryabuayoub/Desktop/matcher/Datasets/Urban8k/audio/fold6/99710-9-0-11.wav,street_music
/Users/jerryabuayoub/Desktop/matcher/Datasets/Urban8k/audio/fold6/99710-9-0-12.wav,street_music
/Users/jerryabuayoub/Desktop/matcher/Datasets/Urban8k/audio/fold6/99710-9-0-16.wav,street_music
/Users/jerryabuayoub/Desktop/matcher/Datasets/Urban8k/audio/fold6/99710-9-0-2.wav,street_music
/Users/jerryabuayoub/Desktop/matcher/Datasets/Urban8k/audio/fold6/99710-9-0-5.wav,street_music
/Users/jerryabuayoub/Desktop/matcher/Datasets/Urban8k/audio/fold6/99710-9-0-6.wav,street_music
